HANSb336471;Liliencron, Detlev von;gnd_118572954;Dehmel, Richard;gnd_118679236
HANSb317396;Wolfthorn, Julie;gnd_1012920224;Dehmel, Ida;gnd_118679228
HANSb22737;Behrens, Peter;gnd_118508466;Dehmel, Richard;gnd_118679236
HANSb336227;Dehmel, Ida;gnd_118679228;Liliencron, Detlev von;gnd_118572954
HANSb315297;Wolfthorn, Julie;gnd_1012920224;Dehmel, Ida;gnd_118679228
HANSb336015;Dehmel, Richard;gnd_118679236;Zweig, Stefan;gnd_118637479
HANSb315263;Wolfthorn, Julie;gnd_1012920224;Dehmel, Ida;gnd_118679228
HANSb17272;Liliencron, Detlev von;gnd_118572954;Dehmel, Richard;gnd_118679236
HANSb336485;Liliencron, Detlev von;gnd_118572954;Dehmel, Richard;gnd_118679236
HANSb312845;Dehmel, Richard;gnd_118679236;Behrens, Peter;gnd_118508466
HANSb336482;Liliencron, Detlev von;gnd_118572954;Dehmel, Richard;gnd_118679236
HANSb17275;Liliencron, Detlev von;gnd_118572954;Dehmel, Richard;gnd_118679236
HANSb315264;Wolfthorn, Julie;gnd_1012920224;Dehmel, Ida;gnd_118679228
HANSig398;Behrens, Peter;gnd_118508466;Dehmel, Richard;gnd_118679236
HANSb17423;Liliencron, Detlev von;gnd_118572954;Dehmel, Richard;gnd_118679236
HANSb336012;Zweig, Stefan;gnd_118637479;Dehmel, Richard;gnd_118679236
HANSb315290;Wolfthorn, Julie;gnd_1012920224;Dehmel, Ida;gnd_118679228
HANSb336476;Liliencron, Detlev von;gnd_118572954;Dehmel, Richard;gnd_118679236
HANSb312842;Dehmel, Richard;gnd_118679236;Behrens, Peter;gnd_118508466
HANSb336449;Liliencron, Detlev von;gnd_118572954;Dehmel, Richard;gnd_118679236
HANSb315252;Wolfthorn, Julie;gnd_1012920224;Dehmel, Ida;gnd_118679228
HANSb337102;Liliencron, Detlev von;gnd_118572954;Dehmel, Richard;gnd_118679236
HANSb336024;Zweig, Stefan;gnd_118637479;Dehmel, Richard;gnd_118679236
HANSb336216;Dehmel, Richard;gnd_118679236;Liliencron, Detlev von;gnd_118572954
HANSb22739;Behrens, Peter;gnd_118508466;Dehmel, Richard;gnd_118679236
HANSb315299;Wolfthorn, Julie;gnd_1012920224;Dehmel, Ida;gnd_118679228
HANSb317398;Wolfthorn, Julie;gnd_1012920224;Dehmel, Ida;gnd_118679228
HANSb336211;Dehmel, Richard;gnd_118679236;Liliencron, Detlev von;gnd_118572954
HANSb336023;Zweig, Stefan;gnd_118637479;Dehmel, Richard;gnd_118679236
HANSb315255;Wolfthorn, Julie;gnd_1012920224;Dehmel, Ida;gnd_118679228
HANSb337105;Liliencron, Detlev von;gnd_118572954;Dehmel, Richard;gnd_118679236
HANSb336478;Liliencron, Detlev von;gnd_118572954;Dehmel, Richard;gnd_118679236
HANSb313169;Zweig, Stefan;gnd_118637479;Dehmel, Richard;gnd_118679236
HANSb313901;Dehmel, Ida;gnd_118679228;Wolfthorn, Julie;gnd_1012920224
HANSb17479;Liliencron, Detlev von;gnd_118572954;Dehmel, Richard;gnd_118679236
HANSb312827;Dehmel, Richard;gnd_118679236;Behrens, Lilli;gnd_116111364
HANSb336077;Dehmel, Richard;gnd_118679236;Liliencron, Detlev von;gnd_118572954
HANSb312818;Dehmel, Richard;gnd_118679236;Behrens, Peter;gnd_118508466
HANSb336083;Zweig, Stefan;gnd_118637479;Dehmel, Ida;gnd_118679228
HANSb315239;Wolfthorn, Julie;gnd_1012920224;Dehmel, Ida;gnd_118679228
HANSb337169;Liliencron, Detlev von;gnd_118572954;Dehmel, Ida;gnd_118679228
HANSb336084;Dehmel, Richard;gnd_118679236;Liliencron, Detlev von;gnd_118572954
HANSb337156;Liliencron, Detlev von;gnd_118572954;Dehmel, Richard;gnd_118679236
HANSb336070;Dehmel, Richard;gnd_118679236;Liliencron, Detlev von;gnd_118572954
HANSb312816;Dehmel, Richard;gnd_118679236;Behrens, Peter;gnd_118508466
HANSb17448;Liliencron, Detlev von;gnd_118572954;Dehmel, Richard;gnd_118679236
HANSb336079;Dehmel, Richard;gnd_118679236;Liliencron, Detlev von;gnd_118572954
HANSb17477;Liliencron, Detlev von;gnd_118572954;Dehmel, Richard;gnd_118679236
HANSb337160;Liliencron, Detlev von;gnd_118572954;Dehmel, Richard;gnd_118679236
HANSb315230;Wolfthorn, Julie;gnd_1012920224;Dehmel, Ida;gnd_118679228
HANSb312829;Dehmel, Richard;gnd_118679236;Behrens, Peter;gnd_118508466
HANSb17483;Münchhausen, Börries von;gnd_118785273;Liliencron, Detlev von;gnd_118572954
HANSb336046;Zweig, Stefan;gnd_118637479;Dehmel, Richard;gnd_118679236
HANSb337158;Liliencron, Detlev von;gnd_118572954;Dehmel, Richard;gnd_118679236
HANSb315208;Wolfthorn, Julie;gnd_1012920224;Dehmel, Richard;gnd_118679236
HANSb315237;Wolfthorn, Julie;gnd_1012920224;Dehmel, Ida;gnd_118679228
HANSdut662;Liliencron, Detlev von;gnd_118572954;Dehmel, Richard;gnd_118679236
HANSb17470;Liliencron, Detlev von;gnd_118572954;Dehmel, Richard;gnd_118679236
HANSb315254;Wolfthorn, Julie;gnd_1012920224;Dehmel, Ida;gnd_118679228
HANSb337104;Liliencron, Detlev von;gnd_118572954;Dehmel, Richard;gnd_118679236
HANSb336022;Zweig, Stefan;gnd_118637479;Dehmel, Ida;gnd_118679228
HANSb21185;Dehmel, Richard;gnd_118679236;Behrens, Peter;gnd_118508466
HANSb336479;Liliencron, Detlev von;gnd_118572954;Dehmel, Richard;gnd_118679236
HANSb313168;Zweig, Stefan;gnd_118637479;Dehmel, Richard;gnd_118679236
HANSb336025;Zweig, Stefan;gnd_118637479;Dehmel, Richard;gnd_118679236
HANSb315253;Wolfthorn, Julie;gnd_1012920224;Dehmel, Ida;gnd_118679228
HANSb337103;Liliencron, Detlev von;gnd_118572954;Dehmel, Richard;gnd_118679236
HANSb315298;Wolfthorn, Julie;gnd_1012920224;Dehmel, Ida;gnd_118679228
HANSb22738;Behrens, Peter;gnd_118508466;Dehmel, Richard;gnd_118679236
HANSb317399;Wolfthorn, Julie;gnd_1012920224;Dehmel, Ida;gnd_118679228
HANSb336221;Dehmel, Richard;gnd_118679236;Liliencron, Detlev von;gnd_118572954
HANSb315291;Wolfthorn, Julie;gnd_1012920224;Dehmel, Ida;gnd_118679228
HANSb336013;Dehmel, Richard;gnd_118679236;Zweig, Stefan;gnd_118637479
HANSb17280;Liliencron, Detlev von;gnd_118572954;Dehmel, Richard;gnd_118679236
HANSb336477;Liliencron, Detlev von;gnd_118572954;Dehmel, Richard;gnd_118679236
HANSb17274;Liliencron, Detlev von;gnd_118572954;Dehmel, Richard;gnd_118679236
HANSb336483;Liliencron, Detlev von;gnd_118572954;Dehmel, Richard;gnd_118679236
HANSb315265;Wolfthorn, Julie;gnd_1012920224;Dehmel, Ida;gnd_118679228
HANSb336448;Liliencron, Detlev von;gnd_118572954;Dehmel, Richard;gnd_118679236
HANSb312843;Dehmel, Richard;gnd_118679236;Behrens, Peter;gnd_118508466
HANSb337132;Liliencron, Detlev von;gnd_118572954;Dehmel, Richard;gnd_118679236
HANSb315262;Wolfthorn, Julie;gnd_1012920224;Dehmel, Ida;gnd_118679228
HANSb336484;Liliencron, Detlev von;gnd_118572954;Dehmel, Richard;gnd_118679236
HANSb17273;Liliencron, Detlev von;gnd_118572954;Dehmel, Richard;gnd_118679236
HANSb317397;Wolfthorn, Julie;gnd_1012920224;Dehmel, Ida;gnd_118679228
HANSb336470;Liliencron, Detlev von;gnd_118572954;Dehmel, Richard;gnd_118679236
HANSb336014;Dehmel, Richard;gnd_118679236;Zweig, Stefan;gnd_118637479
HANSb315296;Wolfthorn, Julie;gnd_1012920224;Dehmel, Ida;gnd_118679228
HANSb312844;Dehmel, Richard;gnd_118679236;Behrens, Peter;gnd_118508466
HANSb337159;Liliencron, Detlev von;gnd_118572954;Dehmel, Richard;gnd_118679236
HANSb315209;Wolfthorn, Julie;gnd_1012920224;Dehmel, Richard;gnd_118679236
HANSb315236;Wolfthorn, Julie;gnd_1012920224;Dehmel, Ida;gnd_118679228
HANSdut663;Liliencron, Detlev von;gnd_118572954;Dehmel, Richard;gnd_118679236
HANSb336078;Zweig, Stefan;gnd_118637479;Dehmel, Ida;gnd_118679228
HANSb312817;Dehmel, Richard;gnd_118679236;Behrens, Peter;gnd_118508466
HANSb336047;Dehmel, Richard;gnd_118679236;Liliencron, Detlev von;gnd_118572954
HANSb336423;Liliencron, Detlev von;gnd_118572954;Dehmel, Richard;gnd_118679236
HANSb315231;Wolfthorn, Julie;gnd_1012920224;Dehmel, Ida;gnd_118679228
HANSb312828;Dehmel, Richard;gnd_118679236;Behrens, Lilli;gnd_116111364
HANSb17476;Liliencron, Detlev von;gnd_118572954;Dehmel, Richard;gnd_118679236
HANSb315238;Wolfthorn, Julie;gnd_1012920224;Dehmel, Ida;gnd_118679228
HANSb312821;Dehmel, Richard;gnd_118679236;Behrens, Peter;gnd_118508466
HANSb336415;Liliencron, Detlev von;gnd_118572954;Dehmel, Richard;gnd_118679236
HANSb336071;Dehmel, Richard;gnd_118679236;Liliencron, Detlev von;gnd_118572954
HANSb22753;Behrens, Peter;gnd_118508466;Dehmel, Richard;gnd_118679236
HANSb336085;Dehmel, Richard;gnd_118679236;Liliencron, Detlev von;gnd_118572954
HANSb315207;Wolfthorn, Julie;gnd_1012920224;Dehmel, Richard;gnd_118679236
HANSb337157;Liliencron, Detlev von;gnd_118572954;Dehmel, Richard;gnd_118679236
HANSb312826;Dehmel, Richard;gnd_118679236;Behrens, Peter;gnd_118508466
HANSb336049;Zweig, Stefan;gnd_118637479;Dehmel, Richard;gnd_118679236
HANSb313900;Dehmel, Ida;gnd_118679228;Wolfthorn, Julie;gnd_1012920224
HANSb312819;Dehmel, Richard;gnd_118679236;Behrens, Peter;gnd_118508466
HANSb336082;Zweig, Stefan;gnd_118637479;Dehmel, Ida;gnd_118679228
HANSb337150;Liliencron, Detlev von;gnd_118572954;Dehmel, Richard;gnd_118679236
HANSb22754;Behrens, Peter;gnd_118508466;Dehmel, Richard;gnd_118679236
HANSb336076;Dehmel, Richard;gnd_118679236;Liliencron, Detlev von;gnd_118572954
HANSb24387;Dehmel, Richard;gnd_118679236;Wolfthorn, Julie;gnd_1012920224
HANSb27502;Zweig, Stefan;gnd_118637479;Dehmel, Richard;gnd_118679236
HANSb336336;Dehmel, Richard;gnd_118679236;Liliencron, Detlev von;gnd_118572954
HANSb336104;Dehmel, Richard;gnd_118679236;Liliencron, Detlev von;gnd_118572954
HANSb313872;Dehmel, Ida;gnd_118679228;Wolfthorn, Julie;gnd_1012920224
HANSb313886;Dehmel, Ida;gnd_118679228;Wolfthorn, Julie;gnd_1012920224
HANSb23535;Dehmel, Richard;gnd_118679236;Liliencron, Detlev von;gnd_118572954
HANSb312998;Behrens, Peter;gnd_118508466;Dehmel, Richard;gnd_118679236
HANSb336103;Dehmel, Richard;gnd_118679236;Liliencron, Detlev von;gnd_118572954
HANSb336331;Dehmel, Richard;gnd_118679236;Liliencron, Detlev von;gnd_118572954
HANSb20512;Dehmel, Richard;gnd_118679236;Liliencron, Detlev von;gnd_118572954
HANSb27505;Zweig, Stefan;gnd_118637479;Dehmel, Richard;gnd_118679236
HANSb313881;Dehmel, Ida;gnd_118679228;Wolfthorn, Julie;gnd_1012920224
HANSb313875;Dehmel, Ida;gnd_118679228;Wolfthorn, Julie;gnd_1012920224
HANSb313049;Behrens, Peter;gnd_118508466;Dehmel, Richard;gnd_118679236
HANSb313888;Dehmel, Ida;gnd_118679228;Wolfthorn, Julie;gnd_1012920224
HANSb313040;Behrens, Peter;gnd_118508466;Dehmel, Richard;gnd_118679236
HANSb336338;Dehmel, Richard;gnd_118679236;Liliencron, Detlev von;gnd_118572954
HANSb312991;Behrens, Peter;gnd_118508466;Dehmel, Richard;gnd_118679236
HANSb336132;Dehmel, Richard;gnd_118679236;Liliencron, Detlev von;gnd_118572954
HANSb313047;Behrens, Peter;gnd_118508466;Dehmel, Richard;gnd_118679236
HANSb17503;Liliencron, Detlev von;gnd_118572954;Dehmel, Richard;gnd_118679236
HANSb312996;Behrens, Peter;gnd_118508466;Dehmel, Richard;gnd_118679236
HANSb313013;Behrens, Peter;gnd_118508466;Dehmel, Richard;gnd_118679236
HANSb336354;Liliencron, Detlev von;gnd_118572954;Dehmel, Richard;gnd_118679236
HANSb336502;Liliencron, Detlev von;gnd_118572954;Dehmel, Richard;gnd_118679236
HANSb337040;Liliencron, Detlev von;gnd_118572954;Dehmel, Richard;gnd_118679236
HANSb315310;Wolfthorn, Julie;gnd_1012920224;Dehmel, Ida;gnd_118679228
HANSb23550;Dehmel, Richard;gnd_118679236;Liliencron, Detlev von;gnd_118572954
HANSb336192;Altenberg, Peter;gnd_118502255;Liliencron, Detlev von;gnd_118572954
HANSb17557;Liliencron, Detlev von;gnd_118572954;Dehmel, Richard;gnd_118679236
HANSb337078;Liliencron, Detlev von;gnd_118572954;Dehmel, Richard;gnd_118679236
HANSb23568;Dehmel, Richard;gnd_118679236;Liliencron, Detlev von;gnd_118572954
HANSb336398;Liliencron, Detlev von;gnd_118572954;Dehmel, Richard;gnd_118679236
HANSb318295;Dehmel, Ida;gnd_118679228;Wolfthorn, Julie;gnd_1012920224
HANSb17550;Falke, Gustav;gnd_118685929;Dehmel, Richard;gnd_118679236
HANSb337047;Liliencron, Detlev von;gnd_118572954;Dehmel, Richard;gnd_118679236
HANSb336505;Liliencron, Anna von;gnd_117005320;Dehmel, Richard;gnd_118679236
HANSb312790;Dehmel, Richard;gnd_118679236;Behrens, Peter;gnd_118508466
HANSb336353;Liliencron, Detlev von;gnd_118572954;Dehmel, Richard;gnd_118679236
HANSb313014;Behrens, Peter;gnd_118508466;Dehmel, Richard;gnd_118679236
HANSb15800;Gast, Peter;gnd_118537725;Dehmel, Richard;gnd_118679236
HANSb17559;Brecher, Gustav;gnd_119001314;Dehmel, Richard;gnd_118679236
HANSb18378;Münchhausen, Börries von;gnd_118785273;Liliencron, Detlev von;gnd_118572954
HANSb336391;Liliencron, Detlev von;gnd_118572954;Dehmel, Richard;gnd_118679236
HANSb337071;Liliencron, Detlev von;gnd_118572954;Dehmel, Richard;gnd_118679236
HANSb336365;Liliencron, Detlev von;gnd_118572954;Dehmel, Richard;gnd_118679236
HANSb337085;Liliencron, Detlev von;gnd_118572954;Dehmel, Richard;gnd_118679236
HANSb313022;Behrens, Peter;gnd_118508466;Dehmel, Richard;gnd_118679236
HANSb336533;Liliencron, Detlev von;gnd_118572954;Dehmel, Richard;gnd_118679236
HANSb336534;Liliencron, Detlev von;gnd_118572954;Dehmel, Richard;gnd_118679236
HANSb313025;Behrens, Peter;gnd_118508466;Dehmel, Richard;gnd_118679236
HANSb336362;Liliencron, Detlev von;gnd_118572954;Dehmel, Richard;gnd_118679236
HANSb337076;Liliencron, Detlev von;gnd_118572954;Dehmel, Richard;gnd_118679236
HANSb336998;Liliencron, Detlev von;gnd_118572954;Dehmel, Richard;gnd_118679236
HANSb336396;Liliencron, Detlev von;gnd_118572954;Dehmel, Richard;gnd_118679236
HANSb14780;Donath, Adolph;gnd_11947042X;Dehmel, Richard;gnd_118679236
HANSb336133;Dehmel, Richard;gnd_118679236;Liliencron, Detlev von;gnd_118572954
HANSb313046;Behrens, Peter;gnd_118508466;Dehmel, Richard;gnd_118679236
HANSb312997;Behrens, Peter;gnd_118508466;Dehmel, Richard;gnd_118679236
HANSb336550;Liliencron, Detlev von;gnd_118572954;Dehmel, Richard;gnd_118679236
HANSb313889;Dehmel, Ida;gnd_118679228;Wolfthorn, Julie;gnd_1012920224
HANSb312990;Behrens, Peter;gnd_118508466;Dehmel, Richard;gnd_118679236
HANSb336339;Dehmel, Richard;gnd_118679236;Liliencron, Detlev von;gnd_118572954
HANSb17398;Liliencron, Detlev von;gnd_118572954;Dehmel, Richard;gnd_118679236
HANSb336330;Dehmel, Richard;gnd_118679236;Liliencron, Detlev von;gnd_118572954
HANSb312999;Behrens, Peter;gnd_118508466;Dehmel, Richard;gnd_118679236
HANSb336102;Dehmel, Richard;gnd_118679236;Liliencron, Detlev von;gnd_118572954
HANSb17391;Liliencron, Detlev von;gnd_118572954;Dehmel, Richard;gnd_118679236
HANSb23534;Dehmel, Ida;gnd_118679228;Liliencron, Detlev von;gnd_118572954
HANSb337024;Liliencron, Detlev von;gnd_118572954;Dehmel, Richard;gnd_118679236
HANSb313048;Behrens, Peter;gnd_118508466;Dehmel, Richard;gnd_118679236
HANSb313874;Dehmel, Ida;gnd_118679228;Wolfthorn, Julie;gnd_1012920224
HANSb313880;Dehmel, Ida;gnd_118679228;Wolfthorn, Julie;gnd_1012920224
HANSb337023;Liliencron, Detlev von;gnd_118572954;Dehmel, Richard;gnd_118679236
HANSb27503;Zweig, Stefan;gnd_118637479;Dehmel, Richard;gnd_118679236
HANSb313070;Behrens, Peter;gnd_118508466;Dehmel, Richard;gnd_118679236
HANSb336105;Dehmel, Richard;gnd_118679236;Liliencron, Detlev von;gnd_118572954
HANSb336337;Dehmel, Richard;gnd_118679236;Liliencron, Detlev von;gnd_118572954
HANSb313887;Dehmel, Ida;gnd_118679228;Wolfthorn, Julie;gnd_1012920224
HANSb313873;Dehmel, Ida;gnd_118679228;Wolfthorn, Julie;gnd_1012920224
HANSb337048;Liliencron, Detlev von;gnd_118572954;Dehmel, Richard;gnd_118679236
HANSb17560;Liliencron, Detlev von;gnd_118572954;Dehmel, Richard;gnd_118679236
HANSb336397;Liliencron, Detlev von;gnd_118572954;Dehmel, Richard;gnd_118679236
HANSb336999;Liliencron, Detlev von;gnd_118572954;Dehmel, Richard;gnd_118679236
HANSb337077;Liliencron, Detlev von;gnd_118572954;Dehmel, Richard;gnd_118679236
HANSb336535;Liliencron, Detlev von;gnd_118572954;Dehmel, Richard;gnd_118679236
HANSb336363;Liliencron, Detlev von;gnd_118572954;Dehmel, Richard;gnd_118679236
HANSb337083;Liliencron, Detlev von;gnd_118572954;Dehmel, Richard;gnd_118679236
HANSb313024;Behrens, Peter;gnd_118508466;Dehmel, Richard;gnd_118679236
HANSb17558;Liliencron, Detlev von;gnd_118572954;Dehmel, Richard;gnd_118679236
HANSb23594;Dehmel, Richard;gnd_118679236;Liliencron, Detlev von;gnd_118572954
HANSb336156;Dehmel, Richard;gnd_118679236;Liliencron, Detlev von;gnd_118572954
HANSb313023;Behrens, Peter;gnd_118508466;Dehmel, Richard;gnd_118679236
HANSb336364;Liliencron, Detlev von;gnd_118572954;Dehmel, Richard;gnd_118679236
HANSb336532;Liliencron, Detlev von;gnd_118572954;Dehmel, Richard;gnd_118679236
HANSb337070;Liliencron, Detlev von;gnd_118572954;Dehmel, Richard;gnd_118679236
HANSb336390;Liliencron, Detlev von;gnd_118572954;Dehmel, Richard;gnd_118679236
HANSb318294;Dehmel, Ida;gnd_118679228;Wolfthorn, Julie;gnd_1012920224
HANSb336399;Liliencron, Detlev von;gnd_118572954;Dehmel, Richard;gnd_118679236
HANSb337079;Liliencron, Detlev von;gnd_118572954;Dehmel, Richard;gnd_118679236
HANSb336504;Liliencron, Detlev von;gnd_118572954;Dehmel, Richard;gnd_118679236
HANSb313015;Behrens, Peter;gnd_118508466;Dehmel, Richard;gnd_118679236
HANSb336352;Herwi., R.;gnd_1243990902;Liliencron, Detlev von;gnd_118572954
HANSb336194;Dehmel, Richard;gnd_118679236;Liliencron, Detlev von;gnd_118572954
HANSb17551;Liliencron, Detlev von;gnd_118572954;Dehmel, Richard;gnd_118679236
HANSb17569;Liliencron, Detlev von;gnd_118572954;Dehmel, Ida;gnd_118679228
HANSb17556;Liliencron, Detlev von;gnd_118572954;Dehmel, Richard;gnd_118679236
HANSb336193;Ansorge, Conrad;gnd_116014326;Liliencron, Detlev von;gnd_118572954
HANSb315311;Wolfthorn, Julie;gnd_1012920224;Dehmel, Ida;gnd_118679228
HANSb336355;Liliencron, Detlev von;gnd_118572954;Dehmel, Richard;gnd_118679236
HANSb313012;Behrens, Peter;gnd_118508466;Dehmel, Richard;gnd_118679236
HANSb336503;Liliencron, Detlev von;gnd_118572954;Dehmel, Richard;gnd_118679236
HANSb23573;Dehmel, Richard;gnd_118679236;Liliencron, Detlev von;gnd_118572954
HANSb337063;Liliencron, Detlev von;gnd_118572954;Dehmel, Richard;gnd_118679236
HANSb336383;Liliencron, Detlev von;gnd_118572954;Dehmel, Richard;gnd_118679236
HANSb336521;Liliencron, Detlev von;gnd_118572954;Dehmel, Richard;gnd_118679236
HANSb313030;Behrens, Peter;gnd_118508466;Dehmel, Richard;gnd_118679236
HANSb337097;Liliencron, Detlev von;gnd_118572954;Dehmel, Richard;gnd_118679236
HANSb27315;Wolfthorn, Julie;gnd_1012920224;Dehmel, Richard;gnd_118679236
HANSb336377;Liliencron, Detlev von;gnd_118572954;Dehmel, Richard;gnd_118679236
HANSb336348;Liliencron, Detlev von;gnd_118572954;Dehmel, Richard;gnd_118679236
HANSb27312;Wolfthorn, Julie;gnd_1012920224;Dehmel, Richard;gnd_118679236
HANSb336370;Liliencron, Detlev von;gnd_118572954;Dehmel, Richard;gnd_118679236
HANSb313037;Behrens, Peter;gnd_118508466;Dehmel, Richard;gnd_118679236
HANSb23580;Dehmel, Richard;gnd_118679236;Liliencron, Detlev von;gnd_118572954
HANSb337090;Liliencron, Detlev von;gnd_118572954;Dehmel, Richard;gnd_118679236
HANSb336526;Liliencron, Detlev von;gnd_118572954;Dehmel, Richard;gnd_118679236
HANSb336384;Liliencron, Detlev von;gnd_118572954;Dehmel, Richard;gnd_118679236
HANSb23574;Dehmel, Richard;gnd_118679236;Liliencron, Detlev von;gnd_118572954
HANSb336519;Liliencron, Detlev von;gnd_118572954;Münchhausen, Börries von;gnd_118785273
HANSb313008;Behrens, Peter;gnd_118508466;Dehmel, Richard;gnd_118679236
HANSb319390;Dehmel, Richard;gnd_118679236;Zweig, Stefan;gnd_118637479
HANSb336346;Liliencron, Detlev von;gnd_118572954;Dehmel, Richard;gnd_118679236
HANSb313001;Behrens, Peter;gnd_118508466;Dehmel, Richard;gnd_118679236
HANSb337052;Liliencron, Detlev von;gnd_118572954;Dehmel, Richard;gnd_118679236
HANSb315302;Wolfthorn, Julie;gnd_1012920224;Dehmel, Ida;gnd_118679228
HANSb336379;Liliencron, Detlev von;gnd_118572954;Dehmel, Richard;gnd_118679236
HANSb337055;Flaischlen, Cäsar;gnd_118683829;Dehmel, Richard;gnd_118679236
HANSb315305;Wolfthorn, Julie;gnd_1012920224;Dehmel, Ida;gnd_118679228
HANSb313006;Behrens, Peter;gnd_118508466;Dehmel, Richard;gnd_118679236
HANSb336341;Dehmel, Richard;gnd_118679236;Liliencron, Detlev von;gnd_118572954
HANSb336517;Liliencron, Detlev von;gnd_118572954;Dehmel, Richard;gnd_118679236
HANSb336528;Liliencron, Detlev von;gnd_118572954;Dehmel, Richard;gnd_118679236
HANSb313039;Behrens, Peter;gnd_118508466;Dehmel, Richard;gnd_118679236
HANSb312977;Behrens, Peter;gnd_118508466;Dehmel, Richard;gnd_118679236
HANSb312983;Behrens, Peter;gnd_118508466;Dehmel, Richard;gnd_118679236
HANSb337001;Liliencron, Detlev von;gnd_118572954;Dehmel, Richard;gnd_118679236
HANSb313052;Behrens, Peter;gnd_118508466;Dehmel, Richard;gnd_118679236
HANSb336127;Dehmel, Richard;gnd_118679236;Liliencron, Detlev von;gnd_118572954
HANSb336543;Liliencron, Detlev von;gnd_118572954;Dehmel, Richard;gnd_118679236
HANSb312984;Behrens, Peter;gnd_118508466;Dehmel, Richard;gnd_118679236
HANSb312970;Behrens, Peter;gnd_118508466;Dehmel, Richard;gnd_118679236
HANSb336544;Liliencron, Detlev von;gnd_118572954;Dehmel, Richard;gnd_118679236
HANSb313055;Behrens, Peter;gnd_118508466;Dehmel, Richard;gnd_118679236
HANSb313869;Dehmel, Ida;gnd_118679228;Wolfthorn, Julie;gnd_1012920224
HANSb317401;Wolfthorn, Julie;gnd_1012920224;Dehmel, Ida;gnd_118679228
HANSb337006;Liliencron, Detlev von;gnd_118572954;Dehmel, Richard;gnd_118679236
HANSb336129;Dehmel, Richard;gnd_118679236;Liliencron, Detlev von;gnd_118572954
HANSb336116;Dehmel, Richard;gnd_118679236;Liliencron, Detlev von;gnd_118572954
HANSb17385;Liliencron, Detlev von;gnd_118572954;Dehmel, Richard;gnd_118679236
HANSb27510;Zweig, Stefan;gnd_118637479;Dehmel, Richard;gnd_118679236
HANSb337030;Liliencron, Detlev von;gnd_118572954;Dehmel, Richard;gnd_118679236
HANSb312979;Behrens, Peter;gnd_118508466;Dehmel, Richard;gnd_118679236
HANSb337008;Liliencron, Detlev von;gnd_118572954;Dehmel, Richard;gnd_118679236
HANSb313867;Dehmel, Ida;gnd_118679228;Wolfthorn, Julie;gnd_1012920224
HANSb337037;Liliencron, Detlev von;gnd_118572954;Dehmel, Richard;gnd_118679236
HANSb17376;Liliencron, Detlev von;gnd_118572954;Dehmel, Richard;gnd_118679236
HANSb27517;Zweig, Stefan;gnd_118637479;Dehmel, Ida;gnd_118679228
HANSb337695;Dehmel, Richard;gnd_118679236;Wolfthorn, Julie;gnd_1012920224
HANSb336340;Dehmel, Richard;gnd_118679236;Liliencron, Detlev von;gnd_118572954
HANSb313007;Behrens, Peter;gnd_118508466;Dehmel, Richard;gnd_118679236
HANSb336516;Liliencron, Detlev von;gnd_118572954;Dehmel, Richard;gnd_118679236
HANSb337054;Liliencron, Detlev von;gnd_118572954;Dehmel, Richard;gnd_118679236
HANSb336186;Dehmel, Richard;gnd_118679236;Liliencron, Detlev von;gnd_118572954
HANSb315304;Wolfthorn, Julie;gnd_1012920224;Dehmel, Ida;gnd_118679228
HANSb23544;Dehmel, Richard;gnd_118679236;Liliencron, Detlev von;gnd_118572954
HANSb336529;Liliencron, Detlev von;gnd_118572954;Dehmel, Richard;gnd_118679236
HANSb313038;Behrens, Peter;gnd_118508466;Dehmel, Richard;gnd_118679236
HANSb337053;Liliencron, Detlev von;gnd_118572954;Dehmel, Richard;gnd_118679236
HANSb23543;Dehmel, Richard;gnd_118679236;Liliencron, Detlev von;gnd_118572954
HANSb315303;Wolfthorn, Julie;gnd_1012920224;Dehmel, Ida;gnd_118679228
HANSb336511;Liliencron, Detlev von;gnd_118572954;Dehmel, Richard;gnd_118679236
HANSb313000;Behrens, Peter;gnd_118508466;Dehmel, Richard;gnd_118679236
HANSb336378;Liliencron, Detlev von;gnd_118572954;Dehmel, Richard;gnd_118679236
HANSb23588;Dehmel, Richard;gnd_118679236;Liliencron, Detlev von;gnd_118572954
HANSb23575;Dehmel, Richard;gnd_118679236;Liliencron, Detlev von;gnd_118572954
HANSb337065;Liliencron, Detlev von;gnd_118572954;Dehmel, Richard;gnd_118679236
HANSb336385;Liliencron, Detlev von;gnd_118572954;Dehmel, Richard;gnd_118679236
HANSb313036;Behrens, Peter;gnd_118508466;Dehmel, Richard;gnd_118679236
HANSb337091;Liliencron, Detlev von;gnd_118572954;Dehmel, Richard;gnd_118679236
HANSb27313;Wolfthorn, Julie;gnd_1012920224;Dehmel, Richard;gnd_118679236
HANSb336527;Liliencron, Detlev von;gnd_118572954;Dehmel, Richard;gnd_118679236
HANSb336518;Liliencron, Detlev von;gnd_118572954;Dehmel, Richard;gnd_118679236
HANSb313009;Behrens, Peter;gnd_118508466;Dehmel, Richard;gnd_118679236
HANSb336520;Liliencron, Detlev von;gnd_118572954;Dehmel, Richard;gnd_118679236
HANSb27314;Wolfthorn, Julie;gnd_1012920224;Dehmel, Richard;gnd_118679236
HANSb313031;Behrens, Peter;gnd_118508466;Dehmel, Richard;gnd_118679236
HANSb23586;Dehmel, Richard;gnd_118679236;Liliencron, Detlev von;gnd_118572954
HANSb337096;Liliencron, Detlev von;gnd_118572954;Dehmel, Richard;gnd_118679236
HANSb336382;Liliencron, Detlev von;gnd_118572954;Dehmel, Richard;gnd_118679236
HANSb23572;Dehmel, Richard;gnd_118679236;Liliencron, Detlev von;gnd_118572954
HANSb313866;Dehmel, Ida;gnd_118679228;Wolfthorn, Julie;gnd_1012920224
HANSb313892;Dehmel, Ida;gnd_118679228;Wolfthorn, Julie;gnd_1012920224
HANSb337009;Liliencron, Detlev von;gnd_118572954;Dehmel, Richard;gnd_118679236
HANSb337694;Dehmel, Richard;gnd_118679236;Wolfthorn, Julie;gnd_1012920224
HANSb27516;Zweig, Stefan;gnd_118637479;Dehmel, Ida;gnd_118679228
HANSb337036;Liliencron, Detlev von;gnd_118572954;Dehmel, Richard;gnd_118679236
HANSb337031;Liliencron, Detlev von;gnd_118572954;Dehmel, Richard;gnd_118679236
HANSb312978;Behrens, Peter;gnd_118508466;Dehmel, Richard;gnd_118679236
HANSb336117;Dehmel, Richard;gnd_118679236;Liliencron, Detlev von;gnd_118572954
HANSb27511;Zweig, Stefan;gnd_118637479;Dehmel, Richard;gnd_118679236
HANSb337038;Liliencron, Detlev von;gnd_118572954;Dehmel, Richard;gnd_118679236
HANSb312971;Behrens, Peter;gnd_118508466;Dehmel, Richard;gnd_118679236
HANSb312985;Behrens, Peter;gnd_118508466;Dehmel, Richard;gnd_118679236
HANSb15882;Dehmel, Richard;gnd_118679236;Behrens, Peter;gnd_118508466
HANSb17510;Liliencron, Detlev von;gnd_118572954;Dehmel, Richard;gnd_118679236
HANSb317400;Wolfthorn, Julie;gnd_1012920224;Dehmel, Ida;gnd_118679228
HANSb337007;Liliencron, Detlev von;gnd_118572954;Dehmel, Richard;gnd_118679236
HANSb336545;Liliencron, Detlev von;gnd_118572954;Dehmel, Richard;gnd_118679236
HANSb313868;Dehmel, Ida;gnd_118679228;Wolfthorn, Julie;gnd_1012920224
HANSb336121;Dehmel, Richard;gnd_118679236;Liliencron, Detlev von;gnd_118572954
HANSb312982;Behrens, Peter;gnd_118508466;Dehmel, Richard;gnd_118679236
HANSb312976;Behrens, Peter;gnd_118508466;Dehmel, Richard;gnd_118679236
HANSb313053;Behrens, Peter;gnd_118508466;Dehmel, Richard;gnd_118679236
HANSb336126;Dehmel, Richard;gnd_118679236;Liliencron, Detlev von;gnd_118572954
HANSb336542;Liliencron, Detlev von;gnd_118572954;Dehmel, Richard;gnd_118679236
HANSb337000;Liliencron, Detlev von;gnd_118572954;Dehmel, Richard;gnd_118679236
HANSb337172;Liliencron, Detlev von;gnd_118572954;Dehmel, Ida;gnd_118679228
HANSb315222;Wolfthorn, Julie;gnd_1012920224;Dehmel, Ida;gnd_118679228
HANSb17465;Liliencron, Detlev von;gnd_118572954;Dehmel, Richard;gnd_118679236
HANSb26322;Servaes, Franz;gnd_117467979;Dehmel, Richard;gnd_118679236
HANSb336054;Zweig, Stefan;gnd_118637479;Dehmel, Richard;gnd_118679236
HANSb27499;Zweig, Stefan;gnd_118637479;Dehmel, Richard;gnd_118679236
HANSb336259;Dehmel, Ida;gnd_118679228;Liliencron, Detlev von;gnd_118572954
HANSb336261;Dehmel, Richard;gnd_118679236;Liliencron, Detlev von;gnd_118572954
HANSb336053;Dehmel, Richard;gnd_118679236;Liliencron, Detlev von;gnd_118572954
HANSb336437;Liliencron, Detlev von;gnd_118572954;Dehmel, Richard;gnd_118679236
HANSb17462;Liliencron, Detlev von;gnd_118572954;Dehmel, Richard;gnd_118679236
HANSb315225;Wolfthorn, Julie;gnd_1012920224;Dehmel, Ida;gnd_118679228
HANSb336408;Liliencron, Detlev von;gnd_118572954;Dehmel, Richard;gnd_118679236
HANSb13009;Dehmel, Ida;gnd_118679228;Liliencron, Detlev von;gnd_118572954
HANSb336098;Dehmel, Richard;gnd_118679236;Liliencron, Detlev von;gnd_118572954
HANSb22747;Behrens, Peter;gnd_118508466;Dehmel, Richard;gnd_118679236
HANSb336065;Dehmel, Richard;gnd_118679236;Liliencron, Detlev von;gnd_118572954
HANSb315213;Wolfthorn, Julie;gnd_1012920224;Dehmel, Richard;gnd_118679236
HANSb336091;Zweig, Stefan;gnd_118637479;Dehmel, Ida;gnd_118679228
HANSb312835;Dehmel, Richard;gnd_118679236;Behrens, Peter;gnd_118508466
HANSb336096;Dehmel, Richard;gnd_118679236;Liliencron, Detlev von;gnd_118572954
HANSb315214;Wolfthorn, Julie;gnd_1012920224;Dehmel, Richard;gnd_118679236
HANSb337144;Liliencron, Detlev von;gnd_118572954;Dehmel, Richard;gnd_118679236
HANSb336062;Zweig, Stefan;gnd_118637479;Dehmel, Richard;gnd_118679236
HANSb22740;Behrens, Peter;gnd_118508466;Dehmel, Ida;gnd_118679228
HANSb336406;Liliencron, Detlev von;gnd_118572954;Dehmel, Richard;gnd_118679236
HANSb312832;Dehmel, Richard;gnd_118679236;Behrens, Peter;gnd_118508466
HANSb17498;Holtorf, Alma;gnd_121483146X;Liliencron, Detlev von;gnd_118572954
HANSb336499;Liliencron, Detlev von;gnd_118572954;Dehmel, Richard;gnd_118679236
HANSb336009;Dehmel, Richard;gnd_118679236;Zweig, Stefan;gnd_118637479
HANSb319446;Dehmel, Richard;gnd_118679236;Zweig, Stefan;gnd_118637479
HANSb17407;Liliencron, Detlev von;gnd_118572954;Dehmel, Richard;gnd_118679236
HANSb315240;Wolfthorn, Julie;gnd_1012920224;Dehmel, Ida;gnd_118679228
HANSb337110;Liliencron, Detlev von;gnd_118572954;Dehmel, Richard;gnd_118679236
HANSb336204;Dehmel, Richard;gnd_118679236;Liliencron, Detlev von;gnd_118572954
HANSb336036;Zweig, Stefan;gnd_118637479;Dehmel, Richard;gnd_118679236
HANSb336452;Liliencron, Detlev von;gnd_118572954;Dehmel, Richard;gnd_118679236
HANSb319819;Liliencron, Detlev von;gnd_118572954;Dehmel, Richard;gnd_118679236
HANSb17269;Liliencron, Detlev von;gnd_118572954;Dehmel, Richard;gnd_118679236
HANSb315278;Wolfthorn, Julie;gnd_1012920224;Dehmel, Ida;gnd_118679228
HANSb337128;Liliencron, Detlev von;gnd_118572954;Dehmel, Richard;gnd_118679236
HANSb336455;Liliencron, Detlev von;gnd_118572954;Dehmel, Richard;gnd_118679236
HANSb336031;Zweig, Stefan;gnd_118637479;Dehmel, Richard;gnd_118679236
HANSb315247;Wolfthorn, Julie;gnd_1012920224;Dehmel, Ida;gnd_118679228
HANSb337117;Liliencron, Detlev von;gnd_118572954;Dehmel, Richard;gnd_118679236
HANSb24410;Dehmel, Richard;gnd_118679236;Zweig, Stefan;gnd_118637479
HANSb336038;Zweig, Stefan;gnd_118637479;Dehmel, Richard;gnd_118679236
HANSb315285;Wolfthorn, Julie;gnd_1012920224;Dehmel, Ida;gnd_118679228
HANSb336463;Liliencron, Detlev von;gnd_118572954;Dehmel, Richard;gnd_118679236
HANSb319810;Liliencron, Detlev von;gnd_118572954;Dehmel, Richard;gnd_118679236
HANSb336497;Liliencron, Detlev von;gnd_118572954;Dehmel, Richard;gnd_118679236
HANSb17260;Liliencron, Detlev von;gnd_118572954;Dehmel, Richard;gnd_118679236
HANSb337121;Liliencron, Detlev von;gnd_118572954;Dehmel, Richard;gnd_118679236
HANSb315271;Wolfthorn, Julie;gnd_1012920224;Dehmel, Ida;gnd_118679228
HANSb313186;Liliencron, Detlev von;gnd_118572954;Dehmel, Richard;gnd_118679236
HANSb23603;Dehmel, Richard;gnd_118679236;Liliencron, Detlev von;gnd_118572954
HANSb318300;Dehmel, Ida;gnd_118679228;Wolfthorn, Julie;gnd_1012920224
HANSb337119;Liliencron, Detlev von;gnd_118572954;Dehmel, Richard;gnd_118679236
HANSb315249;Wolfthorn, Julie;gnd_1012920224;Dehmel, Ida;gnd_118679228
HANSb23604;Dehmel, Ida;gnd_118679228;Liliencron, Detlev von;gnd_118572954
HANSb337126;Liliencron, Detlev von;gnd_118572954;Dehmel, Richard;gnd_118679236
HANSb315276;Wolfthorn, Julie;gnd_1012920224;Dehmel, Ida;gnd_118679228
HANSb17267;Liliencron, Detlev von;gnd_118572954;Dehmel, Richard;gnd_118679236
HANSb336490;Liliencron, Detlev von;gnd_118572954;Dehmel, Richard;gnd_118679236
HANSb336464;Liliencron, Detlev von;gnd_118572954;Dehmel, Richard;gnd_118679236
HANSb319817;Liliencron, Detlev von;gnd_118572954;Dehmel, Richard;gnd_118679236
HANSb315282;Wolfthorn, Julie;gnd_1012920224;Dehmel, Ida;gnd_118679228
HANSb336251;Dehmel, Richard;gnd_118679236;Liliencron, Detlev von;gnd_118572954
HANSb22741;Behrens, Peter;gnd_118508466;Dehmel, Richard;gnd_118679236
HANSb336063;Zweig, Stefan;gnd_118637479;Dehmel, Richard;gnd_118679236
HANSb336407;Liliencron, Detlev von;gnd_118572954;Dehmel, Richard;gnd_118679236
HANSb315215;Wolfthorn, Julie;gnd_1012920224;Dehmel, Richard;gnd_118679236
HANSb336097;Dehmel, Richard;gnd_118679236;Liliencron, Detlev von;gnd_118572954
HANSb337145;Liliencron, Detlev von;gnd_118572954;Dehmel, Richard;gnd_118679236
HANSb336438;Liliencron, Detlev von;gnd_118572954;Dehmel, Richard;gnd_118679236
HANSb17499;Liliencron, Detlev von;gnd_118572954;Dehmel, Richard;gnd_118679236
HANSb312833;Dehmel, Richard;gnd_118679236;Behrens, Peter;gnd_118508466
HANSb336090;Zweig, Stefan;gnd_118637479;Dehmel, Ida;gnd_118679228
HANSb315212;Wolfthorn, Julie;gnd_1012920224;Dehmel, Richard;gnd_118679236
HANSb337142;Liliencron, Detlev von;gnd_118572954;Dehmel, Richard;gnd_118679236
HANSb336400;Liliencron, Detlev von;gnd_118572954;Dehmel, Richard;gnd_118679236
HANSb336064;Zweig, Stefan;gnd_118637479;Dehmel, Richard;gnd_118679236
HANSb336256;Dehmel, Richard;gnd_118679236;Liliencron, Detlev von;gnd_118572954
HANSb22746;Behrens, Peter;gnd_118508466;Dehmel, Richard;gnd_118679236
HANSb312834;Dehmel, Richard;gnd_118679236;Behrens, Peter;gnd_118508466
HANSb337174;Liliencron, Detlev von;gnd_118572954;Dehmel, Ida;gnd_118679228
HANSb315224;Wolfthorn, Julie;gnd_1012920224;Dehmel, Ida;gnd_118679228
HANSb337180;Liliencron, Detlev von;gnd_118572954;Dehmel, Ida;gnd_118679228
HANSb336052;Dehmel, Richard;gnd_118679236;Liliencron, Detlev von;gnd_118572954
HANSb336260;Dehmel, Richard;gnd_118679236;Liliencron, Detlev von;gnd_118572954
HANSb336436;Liliencron, Detlev von;gnd_118572954;Dehmel, Richard;gnd_118679236
HANSb336099;Dehmel, Richard;gnd_118679236;Liliencron, Detlev von;gnd_118572954
HANSb336409;Liliencron, Detlev von;gnd_118572954;Dehmel, Richard;gnd_118679236
HANSb336431;Liliencron, Detlev von;gnd_118572954;Dehmel, Richard;gnd_118679236
HANSb17490;Liliencron, Detlev von;gnd_118572954;Dehmel, Richard;gnd_118679236
HANSb336055;Dehmel, Richard;gnd_118679236;Liliencron, Detlev von;gnd_118572954
HANSb337173;Liliencron, Detlev von;gnd_118572954;Dehmel, Ida;gnd_118679228
HANSb315223;Wolfthorn, Julie;gnd_1012920224;Dehmel, Ida;gnd_118679228
HANSb22748;Behrens, Peter;gnd_118508466;Dehmel, Richard;gnd_118679236
HANSb336258;Dehmel, Richard;gnd_118679236;Liliencron, Detlev von;gnd_118572954
HANSb27498;Zweig, Stefan;gnd_118637479;Dehmel, Richard;gnd_118679236
HANSb17259;Liliencron, Detlev von;gnd_118572954;Dehmel, Richard;gnd_118679236
HANSb318301;Dehmel, Ida;gnd_118679228;Wolfthorn, Julie;gnd_1012920224
HANSb337118;Liliencron, Detlev von;gnd_118572954;Dehmel, Richard;gnd_118679236
HANSb315248;Wolfthorn, Julie;gnd_1012920224;Dehmel, Ida;gnd_118679228
HANSb336465;Liliencron, Detlev von;gnd_118572954;Dehmel, Richard;gnd_118679236
HANSb319816;Liliencron, Detlev von;gnd_118572954;Dehmel, Richard;gnd_118679236
HANSb315283;Wolfthorn, Julie;gnd_1012920224;Dehmel, Ida;gnd_118679228
HANSb337127;Liliencron, Detlev von;gnd_118572954;Dehmel, Richard;gnd_118679236
HANSb315277;Wolfthorn, Julie;gnd_1012920224;Dehmel, Ida;gnd_118679228
HANSb17430;Liliencron, Detlev von;gnd_118572954;Dehmel, Richard;gnd_118679236
HANSb336491;Liliencron, Detlev von;gnd_118572954;Dehmel, Richard;gnd_118679236
HANSb17266;Liliencron, Detlev von;gnd_118572954;Dehmel, Richard;gnd_118679236
HANSb318306;Dehmel, Ida;gnd_118679228;Wolfthorn, Julie;gnd_1012920224
HANSb17261;Lottig, William;gnd_1099442044;Liliencron, Detlev von;gnd_118572954
HANSb336496;Liliencron, Detlev von;gnd_118572954;Dehmel, Richard;gnd_118679236
HANSb17437;Kapff, Aline von;gnd_116045264;Dehmel, Richard;gnd_118679236
HANSb23602;Dehmel, Ida;gnd_118679228;Liliencron, Detlev von;gnd_118572954
HANSb337120;Liliencron, Detlev von;gnd_118572954;Dehmel, Richard;gnd_118679236
HANSb315284;Wolfthorn, Julie;gnd_1012920224;Dehmel, Ida;gnd_118679228
HANSb336462;Liliencron, Detlev von;gnd_118572954;Dehmel, Richard;gnd_118679236
HANSb17268;Liliencron, Detlev von;gnd_118572954;Dehmel, Richard;gnd_118679236
HANSb315279;Wolfthorn, Julie;gnd_1012920224;Dehmel, Ida;gnd_118679228
HANSb337129;Liliencron, Detlev von;gnd_118572954;Dehmel, Richard;gnd_118679236
HANSb24411;Dehmel, Richard;gnd_118679236;Zweig, Stefan;gnd_118637479
HANSb315246;Wolfthorn, Julie;gnd_1012920224;Dehmel, Ida;gnd_118679228
HANSb337116;Liliencron, Detlev von;gnd_118572954;Dehmel, Richard;gnd_118679236
HANSb336454;Liliencron, Detlev von;gnd_118572954;Dehmel, Richard;gnd_118679236
HANSb336030;Zweig, Stefan;gnd_118637479;Dehmel, Richard;gnd_118679236
HANSb336498;Liliencron, Detlev von;gnd_118572954;Dehmel, Richard;gnd_118679236
HANSb336037;Zweig, Stefan;gnd_118637479;Dehmel, Richard;gnd_118679236
HANSb336205;Dehmel, Richard;gnd_118679236;Liliencron, Detlev von;gnd_118572954
HANSb336453;Liliencron, Detlev von;gnd_118572954;Dehmel, Richard;gnd_118679236
HANSb315241;Wolfthorn, Julie;gnd_1012920224;Dehmel, Ida;gnd_118679228
HANSb337111;Liliencron, Detlev von;gnd_118572954;Dehmel, Richard;gnd_118679236
HANSb13294;Liliencron, Detlev von;gnd_118572954;Dehmel, Richard;gnd_118679236
HANSb312823;Dehmel, Richard;gnd_118679236;Behrens, Peter;gnd_118508466
HANSb17489;Liliencron, Detlev von;gnd_118572954;Dehmel, Richard;gnd_118679236
HANSb336428;Liliencron, Detlev von;gnd_118572954;Dehmel, Richard;gnd_118679236
HANSb337155;Liliencron, Detlev von;gnd_118572954;Dehmel, Richard;gnd_118679236
HANSb336087;Dehmel, Richard;gnd_118679236;Liliencron, Detlev von;gnd_118572954
HANSb336417;Liliencron, Detlev von;gnd_118572954;Dehmel, Richard;gnd_118679236
HANSb313902;Dehmel, Ida;gnd_118679228;Wolfthorn, Julie;gnd_1012920224
HANSb312824;Dehmel, Richard;gnd_118679236;Behrens, Peter;gnd_118508466
HANSb336080;Zweig, Stefan;gnd_118637479;Dehmel, Ida;gnd_118679228
HANSb336419;Liliencron, Detlev von;gnd_118572954;Dehmel, Richard;gnd_118679236
HANSb336089;Zweig, Stefan;gnd_118637479;Dehmel, Ida;gnd_118679228
HANSb336042;Zweig, Stefan;gnd_118637479;Dehmel, Richard;gnd_118679236
HANSb17473;Liliencron, Detlev von;gnd_118572954;Dehmel, Richard;gnd_118679236
HANSb315234;Wolfthorn, Julie;gnd_1012920224;Dehmel, Ida;gnd_118679228
HANSb337164;Liliencron, Detlev von;gnd_118572954;Dehmel, Richard;gnd_118679236
HANSdut661;Zweig, Stefan;gnd_118637479;k.A.;k.A.
HANSb17225;Liliencron, Detlev von;gnd_118572954;Dehmel, Richard;gnd_118679236
HANSb312815;Dehmel, Richard;gnd_118679236;Behrens, Peter;gnd_118508466
HANSi2603;Wolfthorn, Julie;gnd_1012920224;Dehmel, Richard;gnd_118679236
HANSb315233;Wolfthorn, Julie;gnd_1012920224;Dehmel, Ida;gnd_118679228
HANSb337163;Liliencron, Detlev von;gnd_118572954;Dehmel, Richard;gnd_118679236
HANSb336421;Liliencron, Detlev von;gnd_118572954;Dehmel, Richard;gnd_118679236
HANSb336481;Liliencron, Detlev von;gnd_118572954;Dehmel, Richard;gnd_118679236
HANSb17276;Liliencron, Detlev von;gnd_118572954;Dehmel, Richard;gnd_118679236
HANSb315267;Wolfthorn, Julie;gnd_1012920224;Dehmel, Ida;gnd_118679228
HANSb337137;Liliencron, Detlev von;gnd_118572954;Dehmel, Richard;gnd_118679236
HANSb336011;Zweig, Stefan;gnd_118637479;Dehmel, Richard;gnd_118679236
HANSb315293;Wolfthorn, Julie;gnd_1012920224;Dehmel, Ida;gnd_118679228
HANSb336475;Liliencron, Detlev von;gnd_118572954;Dehmel, Richard;gnd_118679236
HANSb317392;Wolfthorn, Julie;gnd_1012920224;Dehmel, Ida;gnd_118679228
HANSb315258;Wolfthorn, Julie;gnd_1012920224;Dehmel, Ida;gnd_118679228
HANSb337108;Liliencron, Detlev von;gnd_118572954;Dehmel, Richard;gnd_118679236
HANSb317395;Wolfthorn, Julie;gnd_1012920224;Dehmel, Ida;gnd_118679228
HANSb336472;Liliencron, Detlev von;gnd_118572954;Dehmel, Richard;gnd_118679236
HANSb315294;Wolfthorn, Julie;gnd_1012920224;Dehmel, Ida;gnd_118679228
HANSb336016;Dehmel, Richard;gnd_118679236;Zweig, Stefan;gnd_118637479
HANSb336224;Dehmel, Richard;gnd_118679236;Liliencron, Detlev von;gnd_118572954
HANSb315260;Wolfthorn, Julie;gnd_1012920224;Dehmel, Ida;gnd_118679228
HANSb337130;Liliencron, Detlev von;gnd_118572954;Dehmel, Richard;gnd_118679236
HANSb17271;Liliencron, Detlev von;gnd_118572954;Dehmel, Richard;gnd_118679236
HANSb336486;Liliencron, Detlev von;gnd_118572954;Dehmel, Richard;gnd_118679236
HANSb336029;Zweig, Stefan;gnd_118637479;Dehmel, Richard;gnd_118679236
HANSb22961;Dehmel, Richard;gnd_118679236;Dehmel, Paula;gnd_116054522
HANSb336020;Zweig, Stefan;gnd_118637479;Dehmel, Ida;gnd_118679228
HANSb337106;Liliencron, Detlev von;gnd_118572954;Dehmel, Richard;gnd_118679236
HANSb315256;Wolfthorn, Julie;gnd_1012920224;Dehmel, Ida;gnd_118679228
HANSb319808;Liliencron, Detlev von;gnd_118572954;Dehmel, Richard;gnd_118679236
HANSb337139;Liliencron, Detlev von;gnd_118572954;Dehmel, Richard;gnd_118679236
HANSb17278;Liliencron, Detlev von;gnd_118572954;Dehmel, Richard;gnd_118679236
HANSb315251;Wolfthorn, Julie;gnd_1012920224;Dehmel, Ida;gnd_118679228
HANSb336027;Zweig, Stefan;gnd_118637479;Dehmel, Richard;gnd_118679236
HANSb336488;Liliencron, Detlev von;gnd_118572954;Dehmel, Richard;gnd_118679236
HANSb336018;Zweig, Stefan;gnd_118637479;Dehmel, Ida;gnd_118679228
HANSb336044;Zweig, Stefan;gnd_118637479;Dehmel, Richard;gnd_118679236
HANSb315232;Wolfthorn, Julie;gnd_1012920224;Dehmel, Ida;gnd_118679228
HANSb18253;Liliencron, Detlev von;gnd_118572954;Dehmel, Richard;gnd_118679236
HANSb336088;Dehmel, Richard;gnd_118679236;Liliencron, Detlev von;gnd_118572954
HANSb336418;Liliencron, Detlev von;gnd_118572954;Dehmel, Richard;gnd_118679236
HANSb315235;Wolfthorn, Julie;gnd_1012920224;Dehmel, Ida;gnd_118679228
HANSb17224;Liliencron, Detlev von;gnd_118572954;Dehmel, Richard;gnd_118679236
HANSb17486;Liliencron, Detlev von;gnd_118572954;Dehmel, Richard;gnd_118679236
HANSb312825;Dehmel, Richard;gnd_118679236;Behrens, Peter;gnd_118508466
HANSb313903;Wolfthorn, Julie;gnd_1012920224;Dehmel, Ida;gnd_118679228
HANSb337153;Liliencron, Detlev von;gnd_118572954;Dehmel, Richard;gnd_118679236
HANSb336081;Dehmel, Richard;gnd_118679236;Liliencron, Detlev von;gnd_118572954
HANSb336075;Zweig, Stefan;gnd_118637479;Dehmel, Ida;gnd_118679228
HANSb313904;Wolfthorn, Julie;gnd_1012920224;Dehmel, Ida;gnd_118679228
HANSb336429;Liliencron, Detlev von;gnd_118572954;Dehmel, Richard;gnd_118679236
HANSb312822;Dehmel, Richard;gnd_118679236;Behrens, Peter;gnd_118508466
HANSb336416;Liliencron, Detlev von;gnd_118572954;Dehmel, Richard;gnd_118679236
HANSb336072;Dehmel, Richard;gnd_118679236;Liliencron, Detlev von;gnd_118572954
HANSb336086;Zweig, Stefan;gnd_118637479;Dehmel, Ida;gnd_118679228
HANSb336026;Zweig, Stefan;gnd_118637479;Dehmel, Richard;gnd_118679236
HANSb337100;Liliencron, Detlev von;gnd_118572954;Dehmel, Richard;gnd_118679236
HANSb315250;Wolfthorn, Julie;gnd_1012920224;Dehmel, Ida;gnd_118679228
HANSb17417;Liliencron, Detlev von;gnd_118572954;Dehmel, Richard;gnd_118679236
HANSb336019;Zweig, Stefan;gnd_118637479;Dehmel, Ida;gnd_118679228
HANSb336489;Liliencron, Detlev von;gnd_118572954;Dehmel, Richard;gnd_118679236
HANSb17428;Liliencron, Detlev von;gnd_118572954;Dehmel, Richard;gnd_118679236
HANSb337107;Liliencron, Detlev von;gnd_118572954;Dehmel, Richard;gnd_118679236
HANSb315257;Wolfthorn, Julie;gnd_1012920224;Dehmel, Ida;gnd_118679228
HANSb336213;Dehmel, Richard;gnd_118679236;Liliencron, Detlev von;gnd_118572954
HANSb336021;Zweig, Stefan;gnd_118637479;Dehmel, Ida;gnd_118679228
HANSb337138;Liliencron, Detlev von;gnd_118572954;Dehmel, Richard;gnd_118679236
HANSb17279;Liliencron, Detlev von;gnd_118572954;Dehmel, Richard;gnd_118679236
HANSb319809;Liliencron, Detlev von;gnd_118572954;Dehmel, Richard;gnd_118679236
HANSb17426;Liliencron, Detlev von;gnd_118572954;Dehmel, Richard;gnd_118679236
HANSb315261;Wolfthorn, Julie;gnd_1012920224;Dehmel, Ida;gnd_118679228
HANSb337131;Liliencron, Detlev von;gnd_118572954;Dehmel, Richard;gnd_118679236
HANSb336487;Liliencron, Detlev von;gnd_118572954;Dehmel, Richard;gnd_118679236
HANSb17270;Liliencron, Detlev von;gnd_118572954;Dehmel, Richard;gnd_118679236
HANSb336473;Liliencron, Detlev von;gnd_118572954;Dehmel, Richard;gnd_118679236
HANSb317394;Wolfthorn, Julie;gnd_1012920224;Dehmel, Ida;gnd_118679228
HANSb336225;Dehmel, Richard;gnd_118679236;Liliencron, Detlev von;gnd_118572954
HANSb336017;Zweig, Stefan;gnd_118637479;Dehmel, Richard;gnd_118679236
HANSb315295;Wolfthorn, Julie;gnd_1012920224;Dehmel, Ida;gnd_118679228
HANSb336028;Zweig, Stefan;gnd_118637479;Dehmel, Richard;gnd_118679236
HANSb315292;Wolfthorn, Julie;gnd_1012920224;Dehmel, Ida;gnd_118679228
HANSb336010;Zweig, Stefan;gnd_118637479;Dehmel, Richard;gnd_118679236
HANSb317393;Wolfthorn, Julie;gnd_1012920224;Dehmel, Ida;gnd_118679228
HANSb336474;Liliencron, Detlev von;gnd_118572954;Dehmel, Richard;gnd_118679236
HANSb17277;Liliencron, Detlev von;gnd_118572954;Dehmel, Richard;gnd_118679236
HANSb336480;Liliencron, Detlev von;gnd_118572954;Dehmel, Richard;gnd_118679236
HANSb315266;Wolfthorn, Julie;gnd_1012920224;Dehmel, Ida;gnd_118679228
HANSb337136;Liliencron, Detlev von;gnd_118572954;Dehmel, Richard;gnd_118679236
HANSb17421;Liliencron, Detlev von;gnd_118572954;Dehmel, Richard;gnd_118679236
HANSb315259;Wolfthorn, Julie;gnd_1012920224;Dehmel, Ida;gnd_118679228
HANSb337109;Liliencron, Detlev von;gnd_118572954;Dehmel, Richard;gnd_118679236
HANSb312840;Dehmel, Richard;gnd_118679236;Behrens, Peter|Behrens, Lilli;gnd_118508466|gnd_116111364
HANSs3269044;Liliencron, Detlev von;gnd_118572954;Dehmel, Richard;gnd_118679236
HANSb313028;Behrens, Peter;gnd_118508466;Dehmel, Richard;gnd_118679236
HANSb336539;Liliencron, Detlev von;gnd_118572954;Dehmel, Richard;gnd_118679236
HANSb318296;Dehmel, Ida;gnd_118679228;Wolfthorn, Julie;gnd_1012920224
HANSb336196;Dehmel, Ida;gnd_118679228;Liliencron, Detlev von;gnd_118572954
HANSb315314;Wolfthorn, Julie;gnd_1012920224;Dehmel, Ida;gnd_118679228
HANSb337044;Liliencron, Detlev von;gnd_118572954;Dehmel, Richard;gnd_118679236
HANSb17553;Kühl, Gustav;gnd_116592931;Dehmel, Richard;gnd_118679236
HANSb336506;Liliencron, Detlev von;gnd_118572954;Dehmel, Richard;gnd_118679236
HANSb313017;Behrens, Peter;gnd_118508466;Dehmel, Richard;gnd_118679236
HANSb336368;Liliencron, Detlev von;gnd_118572954;Dehmel, Richard;gnd_118679236
HANSs3269043;Liliencron, Detlev von;gnd_118572954;Dehmel, Richard;gnd_118679236
HANSb336357;Liliencron, Detlev von;gnd_118572954;Dehmel, Richard;gnd_118679236
HANSb313010;Behrens, Peter;gnd_118508466;Dehmel, Richard;gnd_118679236
HANSb336501;Liliencron, Detlev von;gnd_118572954;Dehmel, Richard;gnd_118679236
HANSb17554;Liliencron, Detlev von;gnd_118572954;Dehmel, Richard;gnd_118679236
HANSb313019;Behrens, Peter;gnd_118508466;Dehmel, Richard;gnd_118679236
HANSb336508;Liliencron, Detlev von;gnd_118572954;Dehmel, Richard;gnd_118679236
HANSb336537;Liliencron, Detlev von;gnd_118572954;Dehmel, Richard;gnd_118679236
HANSb318298;Dehmel, Ida;gnd_118679228;Wolfthorn, Julie;gnd_1012920224
HANSb336153;Dehmel, Richard;gnd_118679236;Liliencron, Detlev von;gnd_118572954
HANSb313026;Behrens, Peter;gnd_118508466;Dehmel, Richard;gnd_118679236
HANSb336395;Liliencron, Detlev von;gnd_118572954;Dehmel, Richard;gnd_118679236
HANSb17562;Donath, Adolph;gnd_11947042X;Dehmel, Richard;gnd_118679236
HANSb337075;Liliencron, Detlev von;gnd_118572954;Dehmel, Richard;gnd_118679236
HANSb336359;Liliencron, Detlev von;gnd_118572954;Dehmel, Richard;gnd_118679236
HANSb337072;Liliencron, Detlev von;gnd_118572954;Dehmel, Richard;gnd_118679236
HANSb336392;Liliencron, Detlev von;gnd_118572954;Dehmel, Richard;gnd_118679236
HANSb337086;Liliencron, Detlev von;gnd_118572954;Dehmel, Richard;gnd_118679236
HANSb313021;Behrens, Peter;gnd_118508466;Dehmel, Richard;gnd_118679236
HANSb336366;Liliencron, Detlev von;gnd_118572954;Dehmel, Richard;gnd_118679236
HANSb336530;Liliencron, Detlev von;gnd_118572954;Dehmel, Richard;gnd_118679236
HANSb337026;Liliencron, Detlev von;gnd_118572954;Dehmel, Richard;gnd_118679236
HANSb23536;Dehmel, Richard;gnd_118679236;Liliencron, Detlev von;gnd_118572954
HANSb336332;Dehmel, Richard;gnd_118679236;Liliencron, Detlev von;gnd_118572954
HANSb336100;Dehmel, Richard;gnd_118679236;Liliencron, Detlev von;gnd_118572954
HANSb27506;Zweig, Stefan;gnd_118637479;Dehmel, Richard;gnd_118679236
HANSb337019;Liliencron, Detlev von;gnd_118572954;Dehmel, Richard;gnd_118679236
HANSb313882;Dehmel, Ida;gnd_118679228;Wolfthorn, Julie;gnd_1012920224
HANSb313876;Dehmel, Ida;gnd_118679228;Wolfthorn, Julie;gnd_1012920224
HANSb24384;Dehmel, Richard;gnd_118679236;Wolfthorn, Julie;gnd_1012920224
HANSb17394;Liliencron, Detlev von;gnd_118572954;Dehmel, Richard;gnd_118679236
HANSb336107;Dehmel, Richard;gnd_118679236;Liliencron, Detlev von;gnd_118572954
HANSb336335;Dehmel, Richard;gnd_118679236;Liliencron, Detlev von;gnd_118572954
HANSb337021;Liliencron, Detlev von;gnd_118572954;Dehmel, Richard;gnd_118679236
HANSb313871;Dehmel, Ida;gnd_118679228;Wolfthorn, Julie;gnd_1012920224
HANSb313885;Dehmel, Ida;gnd_118679228;Wolfthorn, Julie;gnd_1012920224
HANSb313878;Dehmel, Ida;gnd_118679228;Wolfthorn, Julie;gnd_1012920224
HANSb313044;Behrens, Peter;gnd_118508466;Dehmel, Richard;gnd_118679236
HANSb27508;Zweig, Stefan;gnd_118637479;Dehmel, Richard;gnd_118679236
HANSb312995;Behrens, Peter;gnd_118508466;Dehmel, Richard;gnd_118679236
HANSb23538;Dehmel, Richard;gnd_118679236;Liliencron, Detlev von;gnd_118572954
HANSb337028;Liliencron, Detlev von;gnd_118572954;Dehmel, Richard;gnd_118679236
HANSb337010;Liliencron, Detlev von;gnd_118572954;Dehmel, Richard;gnd_118679236
HANSb313043;Behrens, Peter;gnd_118508466;Dehmel, Richard;gnd_118679236
HANSb312992;Behrens, Peter;gnd_118508466;Dehmel, Richard;gnd_118679236
HANSb336109;Dehmel, Richard;gnd_118679236;Liliencron, Detlev von;gnd_118572954
HANSb336358;Liliencron, Detlev von;gnd_118572954;Dehmel, Richard;gnd_118679236
HANSb337087;Liliencron, Detlev von;gnd_118572954;Dehmel, Richard;gnd_118679236
HANSb313020;Behrens, Peter;gnd_118508466;Dehmel, Richard;gnd_118679236
HANSb336531;Liliencron, Detlev von;gnd_118572954;Dehmel, Richard;gnd_118679236
HANSb336393;Liliencron, Detlev von;gnd_118572954;Dehmel, Richard;gnd_118679236
HANSb17564;Auerbach, Anna;gnd_116377216;Dehmel, Richard;gnd_118679236
HANSb293695;Wolfthorn, Julie;gnd_1012920224;Dehmel, Ida;gnd_118679228
HANSb313018;Behrens, Peter;gnd_118508466;Dehmel, Richard;gnd_118679236
HANSb336509;Liliencron, Detlev von;gnd_118572954;Dehmel, Richard;gnd_118679236
HANSb337074;Liliencron, Detlev von;gnd_118572954;Dehmel, Richard;gnd_118679236
HANSb17563;Altenberg, Peter;gnd_118502255;Dehmel, Richard;gnd_118679236
HANSb336394;Liliencron, Detlev von;gnd_118572954;Dehmel, Richard;gnd_118679236
HANSb318299;Dehmel, Ida;gnd_118679228;Wolfthorn, Julie;gnd_1012920224
HANSb336536;Liliencron, Detlev von;gnd_118572954;Dehmel, Richard;gnd_118679236
HANSb337080;Liliencron, Detlev von;gnd_118572954;Dehmel, Richard;gnd_118679236
HANSb23590;Dehmel, Richard;gnd_118679236;Liliencron, Detlev von;gnd_118572954
HANSb313027;Behrens, Peter;gnd_118508466;Dehmel, Richard;gnd_118679236
HANSb336360;Liliencron, Detlev von;gnd_118572954;Dehmel, Richard;gnd_118679236
HANSs3269042;Liliencron, Detlev von;gnd_118572954;Dehmel, Richard;gnd_118679236
HANSb23599;Dehmel, Ida;gnd_118679228;Liliencron, Detlev von;gnd_118572954
HANSb337089;Liliencron, Detlev von;gnd_118572954;Dehmel, Richard;gnd_118679236
HANSb315312;Wolfthorn, Julie;gnd_1012920224;Dehmel, Ida;gnd_118679228
HANSb23552;Dehmel, Richard;gnd_118679236;Liliencron, Detlev von;gnd_118572954
HANSb337042;Liliencron, Detlev von;gnd_118572954;Dehmel, Richard;gnd_118679236
HANSb17555;Liliencron, Detlev von;gnd_118572954;Dehmel, Richard;gnd_118679236
HANSb313011;Behrens, Peter;gnd_118508466;Dehmel, Richard;gnd_118679236
HANSb336356;Liliencron, Detlev von;gnd_118572954;Dehmel, Richard;gnd_118679236
HANSb289762;Zweig, Stefan;gnd_118637479;Dehmel, Ida;gnd_118679228
HANSb336500;Liliencron, Detlev von;gnd_118572954;Dehmel, Richard;gnd_118679236
HANSb313029;Behrens, Peter;gnd_118508466;Dehmel, Richard;gnd_118679236
HANSb318297;Dehmel, Ida;gnd_118679228;Wolfthorn, Julie;gnd_1012920224
HANSb336538;Liliencron, Detlev von;gnd_118572954;Dehmel, Richard;gnd_118679236
HANSb336507;Liliencron, Detlev von;gnd_118572954;Dehmel, Richard;gnd_118679236
HANSb313016;Behrens, Peter;gnd_118508466;Dehmel, Richard;gnd_118679236
HANSb17552;Kraus, Karl;gnd_118566288;Dehmel, Richard;gnd_118679236
HANSb337045;Liliencron, Detlev von;gnd_118572954;Dehmel, Richard;gnd_118679236
HANSb313042;Behrens, Peter;gnd_118508466;Dehmel, Richard;gnd_118679236
HANSb337011;Liliencron, Detlev von;gnd_118572954;Dehmel, Richard;gnd_118679236
HANSb17506;Liliencron, Detlev von;gnd_118572954;Dehmel, Richard;gnd_118679236
HANSb312993;Behrens, Peter;gnd_118508466;Dehmel, Richard;gnd_118679236
HANSb336108;Dehmel, Richard;gnd_118679236;Liliencron, Detlev von;gnd_118572954
HANSb313045;Behrens, Peter;gnd_118508466;Dehmel, Richard;gnd_118679236
HANSb313879;Auerbach-Dehmel, Heinz Lux;gnd_127724877;Wolfthorn, Julie;gnd_1012920224
HANSb23539;Dehmel, Richard;gnd_118679236;Liliencron, Detlev von;gnd_118572954
HANSl10018;Wolfthorn, Julie;gnd_1012920224;Dehmel, Ida;gnd_118679228
HANSb27509;Zweig, Stefan;gnd_118637479;Dehmel, Richard;gnd_118679236
HANSb312994;Behrens, Peter;gnd_118508466;Dehmel, Richard;gnd_118679236
HANSb312969;Behrens, Peter;gnd_118508466;Dehmel, Richard;gnd_118679236
HANSb337020;Liliencron, Detlev von;gnd_118572954;Dehmel, Richard;gnd_118679236
HANSb27500;Zweig, Stefan;gnd_118637479;Dehmel, Richard;gnd_118679236
HANSb336334;Dehmel, Richard;gnd_118679236;Liliencron, Detlev von;gnd_118572954
HANSb336106;Dehmel, Richard;gnd_118679236;Liliencron, Detlev von;gnd_118572954
HANSb313884;Dehmel, Ida;gnd_118679228;Wolfthorn, Julie;gnd_1012920224
HANSb313870;Dehmel, Ida;gnd_118679228;Wolfthorn, Julie;gnd_1012920224
HANSb336101;Dehmel, Richard;gnd_118679236;Liliencron, Detlev von;gnd_118572954
HANSb336333;Dehmel, Richard;gnd_118679236;Liliencron, Detlev von;gnd_118572954
HANSb27507;Verhaeren, Emile;gnd_118768085;Dehmel, Richard;gnd_118679236
HANSb313877;Dehmel, Ida;gnd_118679228;Wolfthorn, Julie;gnd_1012920224
HANSb313883;Dehmel, Ida;gnd_118679228;Wolfthorn, Julie;gnd_1012920224
HANSb312987;Behrens, Peter;gnd_118508466;Dehmel, Richard;gnd_118679236
HANSb337698;Dehmel, Richard;gnd_118679236;Wolfthorn, Julie;gnd_1012920224
HANSb312973;Behrens, Peter;gnd_118508466;Dehmel, Richard;gnd_118679236
HANSb336547;Liliencron, Detlev von;gnd_118572954;Dehmel, Richard;gnd_118679236
HANSb313056;Behrens, Peter;gnd_118508466;Dehmel, Richard;gnd_118679236
HANSb317402;Wolfthorn, Julie;gnd_1012920224;Dehmel, Ida;gnd_118679228
HANSb337005;Liliencron, Detlev von;gnd_118572954;Dehmel, Richard;gnd_118679236
HANSb312974;Behrens, Peter;gnd_118508466;Dehmel, Richard;gnd_118679236
HANSb336329;Dehmel, Richard;gnd_118679236;Liliencron, Detlev von;gnd_118572954
HANSb312980;Behrens, Peter;gnd_118508466;Dehmel, Richard;gnd_118679236
HANSb313899;Dehmel, Ida;gnd_118679228;Wolfthorn, Julie;gnd_1012920224
HANSb337002;Liliencron, Detlev von;gnd_118572954;Dehmel, Richard;gnd_118679236
HANSb313051;Behrens, Peter;gnd_118508466;Dehmel, Richard;gnd_118679236
HANSb336124;Dehmel, Richard;gnd_118679236;Liliencron, Detlev von;gnd_118572954
HANSb336540;Liliencron, Detlev von;gnd_118572954;Dehmel, Richard;gnd_118679236
HANSb313890;Dehmel, Ida;gnd_118679228;Wolfthorn, Julie;gnd_1012920224
HANSb336549;Liliencron, Detlev von;gnd_118572954;Dehmel, Richard;gnd_118679236
HANSb337034;Liliencron, Detlev von;gnd_118572954;Dehmel, Richard;gnd_118679236
HANSb337696;Dehmel, Richard;gnd_118679236;Wolfthorn, Julie;gnd_1012920224
HANSb27514;Zweig, Stefan;gnd_118637479;Dehmel, Ida;gnd_118679228
HANSb312989;Behrens, Peter;gnd_118508466;Dehmel, Richard;gnd_118679236
HANSb313897;Dehmel, Ida;gnd_118679228;Wolfthorn, Julie;gnd_1012920224
HANSb336115;Dehmel, Richard;gnd_118679236;Liliencron, Detlev von;gnd_118572954
HANSb27513;Zweig, Stefan;gnd_118637479;Dehmel, Ida;gnd_118679228
HANSb17372;Liliencron, Detlev von;gnd_118572954;Dehmel, Richard;gnd_118679236
HANSb313034;Behrens, Peter;gnd_118508466;Dehmel, Richard;gnd_118679236
HANSif15268;Liliencron, Detlev von;gnd_118572954;Dehmel, Richard;gnd_118679236
HANSb23583;Dehmel, Richard;gnd_118679236;Liliencron, Detlev von;gnd_118572954
HANSb27311;Wolfthorn, Julie;gnd_1012920224;Dehmel, Richard;gnd_118679236
HANSb336373;Liliencron, Detlev von;gnd_118572954;Dehmel, Richard;gnd_118679236
HANSb336525;Liliencron, Detlev von;gnd_118572954;Dehmel, Richard;gnd_118679236
HANSb337067;Liliencron, Detlev von;gnd_118572954;Dehmel, Richard;gnd_118679236
HANSb337058;Liliencron, Detlev von;gnd_118572954;Dehmel, Richard;gnd_118679236
HANSb315308;Wolfthorn, Julie;gnd_1012920224;Dehmel, Ida;gnd_118679228
HANSb23548;Dehmel, Richard;gnd_118679236;Liliencron, Detlev von;gnd_118572954
HANSb319393;Dehmel, Richard;gnd_118679236;Zweig, Stefan;gnd_118637479
HANSb336380;Liliencron, Detlev von;gnd_118572954;Dehmel, Richard;gnd_118679236
HANSb337060;Liliencron, Detlev von;gnd_118572954;Dehmel, Richard;gnd_118679236
HANSb23570;Dehmel, Richard;gnd_118679236;Liliencron, Detlev von;gnd_118572954
HANSb336522;Liliencron, Detlev von;gnd_118572954;Dehmel, Richard;gnd_118679236
HANSb27316;Wolfthorn, Julie;gnd_1012920224;Dehmel, Ida;gnd_118679228
HANSb336374;Liliencron, Detlev von;gnd_118572954;Dehmel, Richard;gnd_118679236
HANSb313033;Behrens, Peter;gnd_118508466;Dehmel, Richard;gnd_118679236
HANSb23584;Dehmel, Ida;gnd_118679228;Liliencron, Detlev von;gnd_118572954
HANSb17548;Liliencron, Detlev von;gnd_118572954;Dehmel, Richard;gnd_118679236
HANSb315306;Wolfthorn, Julie;gnd_1012920224;Dehmel, Ida;gnd_118679228
HANSb23546;Dehmel, Richard;gnd_118679236;Liliencron, Detlev von;gnd_118572954
HANSb336184;Dehmel, Richard;gnd_118679236;Liliencron, Detlev von;gnd_118572954
HANSb337056;Liliencron, Detlev von;gnd_118572954;Dehmel, Richard;gnd_118679236
HANSb336342;Liliencron, Detlev von;gnd_118572954;Dehmel, Richard;gnd_118679236
HANSb313005;Behrens, Peter;gnd_118508466;Dehmel, Richard;gnd_118679236
HANSb336514;Liliencron, Detlev von;gnd_118572954;Dehmel, Richard;gnd_118679236
HANSb337069;Liliencron, Detlev von;gnd_118572954;Dehmel, Richard;gnd_118679236
HANSb336389;Liliencron, Detlev von;gnd_118572954;Dehmel, Richard;gnd_118679236
HANSb336513;Liliencron, Detlev von;gnd_118572954;Dehmel, Richard;gnd_118679236
HANSb313002;Behrens, Peter;gnd_118508466;Dehmel, Richard;gnd_118679236
HANSb336345;Liliencron, Detlev von;gnd_118572954;Dehmel, Richard;gnd_118679236
HANSb23541;Dehmel, Richard;gnd_118679236;Liliencron, Detlev von;gnd_118572954
HANSb315301;Wolfthorn, Julie;gnd_1012920224;Dehmel, Ida;gnd_118679228
HANSb337051;Liliencron, Detlev von;gnd_118572954;Dehmel, Richard;gnd_118679236
HANSb27318;Wolfthorn, Julie;gnd_1012920224;Dehmel, Ida;gnd_118679228
HANSs3269051;Liliencron, Detlev von;gnd_118572954;Dehmel, Richard;gnd_118679236
HANSb17373;Liliencron, Detlev von;gnd_118572954;Dehmel, Richard;gnd_118679236
HANSb337032;Liliencron, Detlev von;gnd_118572954;Dehmel, Richard;gnd_118679236
HANSb27512;Zweig, Stefan;gnd_118637479;Dehmel, Richard;gnd_118679236
HANSb17387;Liliencron, Detlev von;gnd_118572954;Dehmel, Richard;gnd_118679236
HANSb336548;Liliencron, Detlev von;gnd_118572954;Dehmel, Richard;gnd_118679236
HANSb313891;Dehmel, Ida;gnd_118679228;Wolfthorn, Julie;gnd_1012920224
HANSb27515;Zweig, Stefan;gnd_118637479;Dehmel, Ida;gnd_118679228
HANSb17380;Liliencron, Detlev von;gnd_118572954;Dehmel, Richard;gnd_118679236
HANSb337697;Dehmel, Richard;gnd_118679236;Wolfthorn, Julie;gnd_1012920224
HANSb312988;Behrens, Peter;gnd_118508466;Dehmel, Richard;gnd_118679236
HANSb312981;Behrens, Peter;gnd_118508466;Dehmel, Richard;gnd_118679236
HANSb336328;Dehmel, Richard;gnd_118679236;Liliencron, Detlev von;gnd_118572954
HANSb312975;Behrens, Peter;gnd_118508466;Dehmel, Richard;gnd_118679236
HANSb313050;Behrens, Peter;gnd_118508466;Dehmel, Richard;gnd_118679236
HANSb336125;Dehmel, Richard;gnd_118679236;Liliencron, Detlev von;gnd_118572954
HANSb336541;Liliencron, Detlev von;gnd_118572954;Dehmel, Richard;gnd_118679236
HANSb313898;Dehmel, Ida;gnd_118679228;Wolfthorn, Julie;gnd_1012920224
HANSb337003;Liliencron, Detlev von;gnd_118572954;Dehmel, Richard;gnd_118679236
HANSb312972;Behrens, Peter;gnd_118508466;Dehmel, Richard;gnd_118679236
HANSb312986;Behrens, Peter;gnd_118508466;Dehmel, Richard;gnd_118679236
HANSb337699;Dehmel, Richard;gnd_118679236;Wolfthorn, Julie;gnd_1012920224
HANSb337004;Liliencron, Detlev von;gnd_118572954;Dehmel, Richard;gnd_118679236
HANSb336546;Liliencron, Detlev von;gnd_118572954;Dehmel, Richard;gnd_118679236
HANSb313057;Behrens, Peter;gnd_118508466;Dehmel, Richard;gnd_118679236
HANSb336122;Dehmel, Richard;gnd_118679236;Liliencron, Detlev von;gnd_118572954
HANSb315300;Wolfthorn, Julie;gnd_1012920224;Dehmel, Ida;gnd_118679228
HANSb23540;Dehmel, Richard;gnd_118679236;Liliencron, Detlev von;gnd_118572954
HANSb337050;Liliencron, Detlev von;gnd_118572954;Dehmel, Richard;gnd_118679236
HANSb336512;Liliencron, Detlev von;gnd_118572954;Dehmel, Richard;gnd_118679236
HANSb336344;Liliencron, Detlev von;gnd_118572954;Dehmel, Richard;gnd_118679236
HANSb313003;Behrens, Peter;gnd_118508466;Dehmel, Richard;gnd_118679236
HANSb313004;Behrens, Peter;gnd_118508466;Dehmel, Richard;gnd_118679236
HANSb336343;Liliencron, Detlev von;gnd_118572954;Dehmel, Richard;gnd_118679236
HANSb336515;Liliencron, Detlev von;gnd_118572954;Dehmel, Richard;gnd_118679236
HANSb315307;Wolfthorn, Julie;gnd_1012920224;Dehmel, Ida;gnd_118679228
HANSb336388;Liliencron, Detlev von;gnd_118572954;Dehmel, Richard;gnd_118679236
HANSb336523;Liliencron, Detlev von;gnd_118572954;Dehmel, Richard;gnd_118679236
HANSb313032;Behrens, Peter;gnd_118508466;Dehmel, Richard;gnd_118679236
HANSb336375;Liliencron, Detlev von;gnd_118572954;Dehmel, Richard;gnd_118679236
HANSb27317;Wolfthorn, Julie;gnd_1012920224;Dehmel, Ida;gnd_118679228
HANSb337061;Liliencron, Detlev von;gnd_118572954;Dehmel, Richard;gnd_118679236
HANSb23571;Dehmel, Richard;gnd_118679236;Liliencron, Detlev von;gnd_118572954
HANSb336381;Liliencron, Detlev von;gnd_118572954;Dehmel, Richard;gnd_118679236
HANSb319395;Dehmel, Richard;gnd_118679236;Zweig, Stefan;gnd_118637479
HANSb17549;Falke, Gustav;gnd_118685929;Dehmel, Richard;gnd_118679236
HANSb336386;Liliencron, Detlev von;gnd_118572954;Dehmel, Richard;gnd_118679236
HANSb337066;Liliencron, Detlev von;gnd_118572954;Dehmel, Richard;gnd_118679236
HANSb336372;Liliencron, Detlev von;gnd_118572954;Dehmel, Richard;gnd_118679236
HANSb27310;Wolfthorn, Julie;gnd_1012920224;Dehmel, Richard;gnd_118679236
HANSb313035;Behrens, Peter;gnd_118508466;Dehmel, Richard;gnd_118679236
HANSb337092;Liliencron, Detlev von;gnd_118572954;Dehmel, Richard;gnd_118679236
HANSb23582;Dehmel, Richard;gnd_118679236;Liliencron, Detlev von;gnd_118572954
HANSb336524;Liliencron, Detlev von;gnd_118572954;Dehmel, Richard;gnd_118679236
HANSb23549;Dehmel, Richard;gnd_118679236;Liliencron, Detlev von;gnd_118572954
HANSb315309;Wolfthorn, Julie;gnd_1012920224;Dehmel, Ida;gnd_118679228
HANSb336469;Liliencron, Detlev von;gnd_118572954;Dehmel, Richard;gnd_118679236
HANSb336456;Liliencron, Detlev von;gnd_118572954;Dehmel, Richard;gnd_118679236
HANSb336200;Dehmel, Richard;gnd_118679236;Liliencron, Detlev von;gnd_118572954
HANSb336032;Zweig, Stefan;gnd_118637479;Dehmel, Richard;gnd_118679236
HANSb24413;Dehmel, Richard;gnd_118679236;Zweig, Stefan;gnd_118637479
HANSb337114;Liliencron, Detlev von;gnd_118572954;Dehmel, Richard;gnd_118679236
HANSb315244;Wolfthorn, Julie;gnd_1012920224;Dehmel, Ida;gnd_118679228
HANSb315288;Wolfthorn, Julie;gnd_1012920224;Dehmel, Ida;gnd_118679228
HANSb337113;Liliencron, Detlev von;gnd_118572954;Dehmel, Richard;gnd_118679236
HANSb315243;Wolfthorn, Julie;gnd_1012920224;Dehmel, Ida;gnd_118679228
HANSb17404;Liliencron, Anna von;gnd_117005320;Dehmel, Richard;gnd_118679236
HANSb336035;Zweig, Stefan;gnd_118637479;Dehmel, Richard;gnd_118679236
HANSb336207;Dehmel, Ida;gnd_118679228;Liliencron, Detlev von;gnd_118572954
HANSb319822;Liliencron, Detlev von;gnd_118572954;Dehmel, Richard;gnd_118679236
HANSb336451;Liliencron, Detlev von;gnd_118572954;Dehmel, Richard;gnd_118679236
HANSb318303;Dehmel, Ida;gnd_118679228;Wolfthorn, Julie;gnd_1012920224
HANSb336458;Liliencron, Detlev von;gnd_118572954;Dehmel, Richard;gnd_118679236
HANSb315275;Wolfthorn, Julie;gnd_1012920224;Dehmel, Ida;gnd_118679228
HANSb337125;Liliencron, Detlev von;gnd_118572954;Dehmel, Richard;gnd_118679236
HANSb23607;Dehmel, Richard;gnd_118679236;Liliencron, Detlev von;gnd_118572954
HANSb17264;Liliencron, Detlev von;gnd_118572954;Dehmel, Richard;gnd_118679236
HANSb336493;Liliencron, Detlev von;gnd_118572954;Dehmel, Richard;gnd_118679236
HANSb336467;Liliencron, Detlev von;gnd_118572954;Dehmel, Richard;gnd_118679236
HANSb319814;Liliencron, Detlev von;gnd_118572954;Dehmel, Richard;gnd_118679236
HANSb315281;Wolfthorn, Julie;gnd_1012920224;Dehmel, Ida;gnd_118679228
HANSb336209;Dehmel, Richard;gnd_118679236;Liliencron, Detlev von;gnd_118572954
HANSb318304;Dehmel, Ida;gnd_118679228;Wolfthorn, Julie;gnd_1012920224
HANSb315286;Wolfthorn, Julie;gnd_1012920224;Dehmel, Ida;gnd_118679228
HANSb336460;Liliencron, Detlev von;gnd_118572954;Dehmel, Richard;gnd_118679236
HANSb319813;Liliencron, Detlev von;gnd_118572954;Dehmel, Richard;gnd_118679236
HANSb336494;Liliencron, Detlev von;gnd_118572954;Dehmel, Richard;gnd_118679236
HANSb17263;Liliencron, Detlev von;gnd_118572954;Dehmel, Richard;gnd_118679236
HANSb23600;Dehmel, Richard;gnd_118679236;Liliencron, Detlev von;gnd_118572954
HANSb315272;Wolfthorn, Julie;gnd_1012920224;Dehmel, Ida;gnd_118679228
HANSb337122;Liliencron, Detlev von;gnd_118572954;Dehmel, Richard;gnd_118679236
HANSb313185;Liliencron, Detlev von;gnd_118572954;Dehmel, Richard;gnd_118679236
HANSb337182;Liliencron, Detlev von;gnd_118572954;Dehmel, Ida;gnd_118679228
HANSb336262;Behrens, Peter;gnd_118508466;Dehmel, Richard;gnd_118679236
HANSb336434;Liliencron, Detlev von;gnd_118572954;Dehmel, Richard;gnd_118679236
HANSb315226;Wolfthorn, Julie;gnd_1012920224;Dehmel, Ida;gnd_118679228
HANSb337176;Liliencron, Detlev von;gnd_118572954;Dehmel, Ida;gnd_118679228
HANSb315219;Wolfthorn, Julie;gnd_1012920224;Dehmel, Ida;gnd_118679228
HANSb312838;Dehmel, Richard;gnd_118679236;Behrens, Peter;gnd_118508466
HANSb315221;Wolfthorn, Julie;gnd_1012920224;Dehmel, Ida;gnd_118679228
HANSb337171;Liliencron, Detlev von;gnd_118572954;Dehmel, Ida;gnd_118679228
HANSb336057;Dehmel, Richard;gnd_118679236;Liliencron, Detlev von;gnd_118572954
HANSb315217;Wolfthorn, Julie;gnd_1012920224;Dehmel, Richard;gnd_118679236
HANSb22743;Behrens, Peter;gnd_118508466;Dehmel, Richard;gnd_118679236
HANSb336061;Zweig, Stefan;gnd_118637479;Dehmel, Richard;gnd_118679236
HANSb336405;Liliencron, Detlev von;gnd_118572954;Dehmel, Richard;gnd_118679236
HANSb312831;Dehmel, Richard;gnd_118679236;Behrens, Peter;gnd_118508466
HANSb337178;Liliencron, Detlev von;gnd_118572954;Dehmel, Ida;gnd_118679228
HANSb315228;Wolfthorn, Julie;gnd_1012920224;Dehmel, Ida;gnd_118679228
HANSb336402;Liliencron, Detlev von;gnd_118572954;Dehmel, Richard;gnd_118679236
HANSb336066;Zweig, Stefan;gnd_118637479;Dehmel, Richard;gnd_118679236
HANSb22744;Behrens, Peter;gnd_118508466;Dehmel, Richard;gnd_118679236
HANSb337140;Liliencron, Detlev von;gnd_118572954;Dehmel, Richard;gnd_118679236
HANSb315210;Wolfthorn, Julie;gnd_1012920224;Dehmel, Richard;gnd_118679236
HANSb336092;Dehmel, Richard;gnd_118679236;Liliencron, Detlev von;gnd_118572954
HANSb336059;Dehmel, Richard;gnd_118679236;Liliencron, Detlev von;gnd_118572954
HANSb312836;Dehmel, Richard;gnd_118679236;Behrens, Peter;gnd_118508466
HANSb318305;Dehmel, Ida;gnd_118679228;Wolfthorn, Julie;gnd_1012920224
HANSb336208;Dehmel, Richard;gnd_118679236;Liliencron, Detlev von;gnd_118572954
HANSb17262;Liliencron, Detlev von;gnd_118572954;Dehmel, Richard;gnd_118679236
HANSb336495;Liliencron, Detlev von;gnd_118572954;Dehmel, Richard;gnd_118679236
HANSb315273;Wolfthorn, Julie;gnd_1012920224;Dehmel, Ida;gnd_118679228
HANSb337123;Liliencron, Detlev von;gnd_118572954;Dehmel, Richard;gnd_118679236
HANSb315287;Wolfthorn, Julie;gnd_1012920224;Dehmel, Ida;gnd_118679228
HANSb313170;Zweig, Stefan;gnd_118637479;Dehmel, Richard;gnd_118679236
HANSb336461;Liliencron, Detlev von;gnd_118572954;Dehmel, Richard;gnd_118679236
HANSb336459;Liliencron, Detlev von;gnd_118572954;Dehmel, Richard;gnd_118679236
HANSb318302;Dehmel, Ida;gnd_118679228;Wolfthorn, Julie;gnd_1012920224
HANSb336466;Liliencron, Detlev von;gnd_118572954;Dehmel, Richard;gnd_118679236
HANSb319815;Liliencron, Detlev von;gnd_118572954;Dehmel, Richard;gnd_118679236
HANSb336230;Dehmel, Richard;gnd_118679236;Liliencron, Detlev von;gnd_118572954
HANSb315280;Wolfthorn, Julie;gnd_1012920224;Dehmel, Ida;gnd_118679228
HANSb23606;Dehmel, Fedor;gnd_1219881872;Liliencron, Detlev von;gnd_118572954
HANSb315274;Wolfthorn, Julie;gnd_1012920224;Dehmel, Ida;gnd_118679228
HANSb337124;Liliencron, Detlev von;gnd_118572954;Dehmel, Richard;gnd_118679236
HANSb336492;Liliencron, Detlev von;gnd_118572954;Dehmel, Richard;gnd_118679236
HANSb17265;Liliencron, Detlev von;gnd_118572954;Dehmel, Richard;gnd_118679236
HANSb315289;Wolfthorn, Julie;gnd_1012920224;Dehmel, Ida;gnd_118679228
HANSb312864;Behrens, Peter;gnd_118508466;Dehmel, Richard;gnd_118679236
HANSb336206;Dehmel, Richard;gnd_118679236;Liliencron, Detlev von;gnd_118572954
HANSb336034;Zweig, Stefan;gnd_118637479;Dehmel, Richard;gnd_118679236
HANSb336450;Liliencron, Detlev von;gnd_118572954;Dehmel, Richard;gnd_118679236
HANSb337112;Liliencron, Detlev von;gnd_118572954;Dehmel, Richard;gnd_118679236
HANSb315242;Wolfthorn, Julie;gnd_1012920224;Dehmel, Ida;gnd_118679228
HANSb336468;Liliencron, Detlev von;gnd_118572954;Dehmel, Richard;gnd_118679236
HANSb337115;Liliencron, Detlev von;gnd_118572954;Dehmel, Richard;gnd_118679236
HANSb315245;Wolfthorn, Julie;gnd_1012920224;Dehmel, Ida;gnd_118679228
HANSb24412;Dehmel, Richard;gnd_118679236;Zweig, Stefan;gnd_118637479
HANSb336457;Liliencron, Detlev von;gnd_118572954;Dehmel, Richard;gnd_118679236
HANSb336033;Zweig, Stefan;gnd_118637479;Dehmel, Richard;gnd_118679236
HANSb17456;Liliencron, Detlev von;gnd_118572954;Dehmel, Richard;gnd_118679236
HANSb337141;Liliencron, Detlev von;gnd_118572954;Dehmel, Richard;gnd_118679236
HANSb336093;Dehmel, Richard;gnd_118679236;Liliencron, Detlev von;gnd_118572954
HANSb315211;Wolfthorn, Julie;gnd_1012920224;Dehmel, Richard;gnd_118679236
HANSb336403;Liliencron, Detlev von;gnd_118572954;Dehmel, Richard;gnd_118679236
HANSb22745;Behrens, Peter;gnd_118508466;Dehmel, Richard;gnd_118679236
HANSb336067;Zweig, Stefan;gnd_118637479;Dehmel, Richard;gnd_118679236
HANSb312837;Dehmel, Richard;gnd_118679236;Behrens, Peter;gnd_118508466
HANSb29366;Dehmel, Richard;gnd_118679236;Zweig, Stefan;gnd_118637479
HANSb17469;Liliencron, Detlev von;gnd_118572954;Dehmel, Richard;gnd_118679236
HANSb336058;Zweig, Stefan;gnd_118637479;Dehmel, Richard;gnd_118679236
HANSb336060;Dehmel, Richard;gnd_118679236;Liliencron, Detlev von;gnd_118572954
HANSb22742;Behrens, Peter;gnd_118508466;Dehmel, Richard;gnd_118679236
HANSb336404;Liliencron, Detlev von;gnd_118572954;Dehmel, Richard;gnd_118679236
HANSb337146;Liliencron, Detlev von;gnd_118572954;Dehmel, Richard;gnd_118679236
HANSb315216;Wolfthorn, Julie;gnd_1012920224;Dehmel, Richard;gnd_118679236
HANSb336094;Dehmel, Richard;gnd_118679236;Behrens, Peter;gnd_118508466
HANSb17451;Liliencron, Detlev von;gnd_118572954;Dehmel, Richard;gnd_118679236
HANSb312830;Dehmel, Richard;gnd_118679236;Behrens, Peter;gnd_118508466
HANSb337179;Liliencron, Detlev von;gnd_118572954;Dehmel, Ida;gnd_118679228
HANSb315229;Wolfthorn, Julie;gnd_1012920224;Dehmel, Ida;gnd_118679228
HANSb336432;Liliencron, Detlev von;gnd_118572954;Dehmel, Richard;gnd_118679236
HANSb336056;Verhaeren, Emile;gnd_118768085;Dehmel, Richard;gnd_118679236
HANSb337184;Liliencron, Detlev von;gnd_118572954;Dehmel, Ida;gnd_118679228
HANSb312839;Dehmel, Richard;gnd_118679236;Behrens, Peter;gnd_118508466
HANSb315220;Wolfthorn, Julie;gnd_1012920224;Dehmel, Ida;gnd_118679228
HANSb337170;Liliencron, Detlev von;gnd_118572954;Dehmel, Ida;gnd_118679228
HANSb17467;Liliencron, Detlev von;gnd_118572954;Dehmel, Richard;gnd_118679236
HANSb17458;Liliencron, Detlev von;gnd_118572954;Dehmel, Richard;gnd_118679236
HANSb17460;Liliencron, Detlev von;gnd_118572954;Dehmel, Richard;gnd_118679236
HANSb315227;Wolfthorn, Julie;gnd_1012920224;Dehmel, Ida;gnd_118679228
HANSb337177;Liliencron, Detlev von;gnd_118572954;Dehmel, Ida;gnd_118679228
HANSb336051;Zweig, Stefan;gnd_118637479;Dehmel, Richard;gnd_118679236
HANSb337183;Liliencron, Detlev von;gnd_118572954;Dehmel, Ida;gnd_118679228
HANSb336435;Liliencron, Detlev von;gnd_118572954;Dehmel, Richard;gnd_118679236
HANSb315218;Wolfthorn, Julie;gnd_1012920224;Dehmel, Ida;gnd_118679228
